algorithm,N,sample,frechet_dist,nca_regular_hops,nca_shortcut_hops,total_nca_steps,shortcuts_written,dead_paths_pruned,shortcuts_extended,dead_path_walk_steps,heap_pushes,heap_pops,cells_processed,pct_cells_explored,status
BBMSCore,500,0,1009.66,22182260,0,22182260,0,0,0,0,0,0,250000,100,ok
BBMSInter,500,0,1009.66,311934,3361207,3673141,498972,0,0,0,0,0,250000,100,ok
BBMSDppInstant,500,0,1009.66,311934,1253388,1565322,498972,102316,333671,102316,0,0,250000,100,ok
BBMSDppStepwise,500,0,1009.66,311934,1253388,1565322,498972,102316,282393,229871,0,0,250000,100,ok
DijkstraPrims,500,0,1009.66,0,0,0,0,0,0,0,250000,249994,249994,99.9976,ok
BBMSCore,500,1,991.124,23373242,0,23373242,0,0,0,0,0,0,250000,100,ok
BBMSInter,500,1,991.124,315310,3411428,3726738,498917,0,0,0,0,0,250000,100,ok
BBMSDppInstant,500,1,991.124,315310,1249873,1565183,498917,99363,334497,99363,0,0,250000,100,ok
BBMSDppStepwise,500,1,991.124,315310,1249873,1565183,498917,99363,281750,229711,0,0,250000,100,ok
DijkstraPrims,500,1,991.124,0,0,0,0,0,0,0,250000,249524,249524,99.8096,ok
BBMSCore,500,2,1000.92,20798710,0,20798710,0,0,0,0,0,0,250000,100,ok
BBMSInter,500,2,1000.92,311588,3498089,3809677,498833,0,0,0,0,0,250000,100,ok
BBMSDppInstant,500,2,1000.92,311588,1254119,1565707,498833,102523,331623,102523,0,0,250000,100,ok
BBMSDppStepwise,500,2,1000.92,311588,1254119,1565707,498833,102523,283643,231914,0,0,250000,100,ok
DijkstraPrims,500,2,1000.92,0,0,0,0,0,0,0,250000,249767,249767,99.9068,ok
BBMSCore,500,3,1001.13,22239190,0,22239190,0,0,0,0,0,0,250000,100,ok
BBMSInter,500,3,1001.13,313972,3021890,3335862,498813,0,0,0,0,0,250000,100,ok
BBMSDppInstant,500,3,1001.13,313972,1251182,1565154,498813,100536,329900,100536,0,0,250000,100,ok
BBMSDppStepwise,500,3,1001.13,313972,1251182,1565154,498813,100536,282135,229922,0,0,250000,100,ok
DijkstraPrims,500,3,1001.13,0,0,0,0,0,0,0,250000,249792,249792,99.9168,ok
BBMSCore,500,4,991.643,21179132,0,21179132,0,0,0,0,0,0,250000,100,ok
BBMSInter,500,4,991.643,313436,3245445,3558881,498933,0,0,0,0,0,250000,100,ok
BBMSDppInstant,500,4,991.643,313436,1251601,1565037,498933,101333,332965,101333,0,0,250000,100,ok
BBMSDppStepwise,500,4,991.643,313436,1251601,1565037,498933,101333,281568,230213,0,0,250000,100,ok
DijkstraPrims,500,4,991.643,0,0,0,0,0,0,0,250000,249549,249549,99.8196,ok
BBMSCore,830,0,1008.2,74808728,0,74808728,0,0,0,0,0,0,688900,100,ok
BBMSInter,830,0,1008.2,863014,10257822,11120836,1376061,0,0,0,0,0,688900,100,ok
BBMSDppInstant,830,0,1008.2,863014,3459064,4322078,1376061,279995,962267,279995,0,0,688900,100,ok
BBMSDppStepwise,830,0,1008.2,863014,3459064,4322078,1376061,279995,795286,650910,0,0,688900,100,ok
DijkstraPrims,830,0,1008.2,0,0,0,0,0,0,0,688900,688824,688824,99.989,ok
BBMSCore,830,1,1004.89,76518474,0,76518474,0,0,0,0,0,0,688900,100,ok
BBMSInter,830,1,1004.89,857234,10629419,11486653,1375925,0,0,0,0,0,688900,100,ok
BBMSDppInstant,830,1,1004.89,857234,3466356,4323590,1375925,283109,957894,283109,0,0,688900,100,ok
BBMSDppStepwise,830,1,1004.89,857234,3466356,4323590,1375925,283109,794659,649680,0,0,688900,100,ok
DijkstraPrims,830,1,1004.89,0,0,0,0,0,0,0,688900,688695,688695,99.9702,ok
BBMSCore,830,2,999.95,63623972,0,63623972,0,0,0,0,0,0,688900,100,ok
BBMSInter,830,2,999.95,858742,9797114,10655856,1375792,0,0,0,0,0,688900,100,ok
BBMSDppInstant,830,2,999.95,858742,3463215,4321957,1375792,282256,978330,282256,0,0,688900,100,ok
BBMSDppStepwise,830,2,999.95,858742,3463215,4321957,1375792,282256,798036,657087,0,0,688900,100,ok
DijkstraPrims,830,2,999.95,0,0,0,0,0,0,0,688900,688500,688500,99.9419,ok
BBMSCore,830,3,998.456,70555634,0,70555634,0,0,0,0,0,0,688900,100,ok
BBMSInter,830,3,998.456,861432,10381253,11242685,1375996,0,0,0,0,0,688900,100,ok
BBMSDppInstant,830,3,998.456,861432,3460222,4321654,1375996,280849,968217,280849,0,0,688900,100,ok
BBMSDppStepwise,830,3,998.456,861432,3460222,4321654,1375996,280849,795220,652792,0,0,688900,100,ok
DijkstraPrims,830,3,998.456,0,0,0,0,0,0,0,688900,688441,688441,99.9334,ok
BBMSCore,830,4,1002.66,74531840,0,74531840,0,0,0,0,0,0,688900,100,ok
BBMSInter,830,4,1002.66,862692,10485481,11348173,1376016,0,0,0,0,0,688900,100,ok
BBMSDppInstant,830,4,1002.66,862692,3458511,4321203,1376016,279286,957782,279286,0,0,688900,100,ok
BBMSDppStepwise,830,4,1002.66,862692,3458511,4321203,1376016,279286,791417,649533,0,0,688900,100,ok
DijkstraPrims,830,4,1002.66,0,0,0,0,0,0,0,688900,688615,688615,99.9586,ok
BBMSCore,1400,0,1004.55,227809422,0,227809422,0,0,0,0,0,0,1960000,100,ok
BBMSInter,1400,0,1004.55,2447442,30478399,32925841,3916920,0,0,0,0,0,1960000,100,ok
BBMSDppInstant,1400,0,1004.55,2447442,9863543,12310985,3916920,803636,2873962,803636,0,0,1960000,100,ok
BBMSDppStepwise,1400,0,1004.55,2447442,9863543,12310985,3916920,803636,2295013,1889813,0,0,1960000,100,ok
DijkstraPrims,1400,0,1004.55,0,0,0,0,0,0,0,1960000,1959630,1959630,99.9811,ok
BBMSCore,1400,1,996.389,242953454,0,242953454,0,0,0,0,0,0,1960000,100,ok
BBMSInter,1400,1,996.389,2446822,35450178,37897000,3916652,0,0,0,0,0,1960000,100,ok
BBMSDppInstant,1400,1,996.389,2446822,9860700,12307522,3916652,804178,2855395,804178,0,0,1960000,100,ok
BBMSDppStepwise,1400,1,996.389,2446822,9860700,12307522,3916652,804178,2288447,1886100,0,0,1960000,100,ok
DijkstraPrims,1400,1,996.389,0,0,0,0,0,0,0,1960000,1959077,1959077,99.9529,ok
BBMSCore,1400,2,1006.33,251099608,0,251099608,0,0,0,0,0,0,1960000,100,ok
BBMSInter,1400,2,1006.33,2441130,32902517,35343647,3916892,0,0,0,0,0,1960000,100,ok
BBMSDppInstant,1400,2,1006.33,2441130,9870047,12311177,3916892,808236,2829425,808236,0,0,1960000,100,ok
BBMSDppStepwise,1400,2,1006.33,2441130,9870047,12311177,3916892,808236,2290167,1884437,0,0,1960000,100,ok
DijkstraPrims,1400,2,1006.33,0,0,0,0,0,0,0,1960000,1959727,1959727,99.9861,ok
BBMSCore,1400,3,998.387,264581638,0,264581638,0,0,0,0,0,0,1960000,100,ok
BBMSInter,1400,3,998.387,2448596,31386186,33834782,3916725,0,0,0,0,0,1960000,100,ok
BBMSDppInstant,1400,3,998.387,2448596,9864768,12313364,3916725,799565,2831202,799565,0,0,1960000,100,ok
BBMSDppStepwise,1400,3,998.387,2448596,9864768,12313364,3916725,799565,2288362,1879160,0,0,1960000,100,ok
DijkstraPrims,1400,3,998.387,0,0,0,0,0,0,0,1960000,1959162,1959162,99.9572,ok
BBMSCore,1400,4,1000.7,238417204,0,238417204,0,0,0,0,0,0,1960000,100,ok
BBMSInter,1400,4,1000.7,2443160,30591593,33034753,3916832,0,0,0,0,0,1960000,100,ok
BBMSDppInstant,1400,4,1000.7,2443160,9866634,12309794,3916832,805898,2846574,805898,0,0,1960000,100,ok
BBMSDppStepwise,1400,4,1000.7,2443160,9866634,12309794,3916832,805898,2288929,1883989,0,0,1960000,100,ok
DijkstraPrims,1400,4,1000.7,0,0,0,0,0,0,0,1960000,1959355,1959355,99.9671,ok
BBMSCore,2300,0,1002.89,834048920,0,834048920,0,0,0,0,0,0,5290000,100,ok
BBMSInter,2300,0,1002.89,6572888,100481793,107054681,10574322,0,0,0,0,0,5290000,100,ok
BBMSDppInstant,2300,0,1002.89,6572888,26674687,33247575,10574322,2182217,7819023,2182217,0,0,5290000,100,ok
BBMSDppStepwise,2300,0,1002.89,6572888,26674687,33247575,10574322,2182217,6219909,5138679,0,0,5290000,100,ok
DijkstraPrims,2300,0,1002.89,0,0,0,0,0,0,0,5290000,5289223,5289223,99.9853,ok
BBMSCore,2300,1,993.766,786264300,0,786264300,0,0,0,0,0,0,5290000,100,ok
BBMSInter,2300,1,993.766,6582154,94227234,100809388,10574778,0,0,0,0,0,5290000,100,ok
BBMSDppInstant,2300,1,993.766,6582154,26669500,33251654,10574778,2180624,7926833,2180624,0,0,5290000,100,ok
BBMSDppStepwise,2300,1,993.766,6582154,26669500,33251654,10574778,2180624,6242931,5148386,0,0,5290000,100,ok
DijkstraPrims,2300,1,993.766,0,0,0,0,0,0,0,5290000,5288139,5288139,99.9648,ok
BBMSCore,2300,2,1008.8,755134174,0,755134174,0,0,0,0,0,0,5290000,100,ok
BBMSInter,2300,2,1008.8,6578988,93179387,99758375,10574841,0,0,0,0,0,5290000,100,ok
BBMSDppInstant,2300,2,1008.8,6578988,26670110,33249098,10574841,2184319,7905531,2184319,0,0,5290000,100,ok
BBMSDppStepwise,2300,2,1008.8,6578988,26670110,33249098,10574841,2184319,6241533,5148594,0,0,5290000,100,ok
DijkstraPrims,2300,2,1008.8,0,0,0,0,0,0,0,5290000,5289864,5289864,99.9974,ok
BBMSCore,2300,3,998.19,798462734,0,798462734,0,0,0,0,0,0,5290000,100,ok
BBMSInter,2300,3,998.19,6597500,100022130,106619630,10574750,0,0,0,0,0,5290000,100,ok
BBMSDppInstant,2300,3,998.19,6597500,26642919,33240419,10574750,2182484,7856575,2182484,0,0,5290000,100,ok
BBMSDppStepwise,2300,3,998.19,6597500,26642919,33240419,10574750,2182484,6214253,5136217,0,0,5290000,100,ok
DijkstraPrims,2300,3,998.19,0,0,0,0,0,0,0,5290000,5288661,5288661,99.9747,ok
BBMSCore,2300,4,1003.4,793704442,0,793704442,0,0,0,0,0,0,5290000,100,ok
BBMSInter,2300,4,1003.4,6579180,92890536,99469716,10574100,0,0,0,0,0,5290000,100,ok
BBMSDppInstant,2300,4,1003.4,6579180,26666167,33245347,10574100,2188433,7871051,2188433,0,0,5290000,100,ok
BBMSDppStepwise,2300,4,1003.4,6579180,26666167,33245347,10574100,2188433,6232240,5145796,0,0,5290000,100,ok
DijkstraPrims,2300,4,1003.4,0,0,0,0,0,0,0,5290000,5289205,5289205,99.985,ok
BBMSCore,3900,0,1001.24,2868316044,0,2868316044,0,0,0,0,0,0,15210000,100,ok
BBMSInter,3900,0,1001.24,18915912,334858704,353774616,30411216,0,0,0,0,0,15210000,100,ok
BBMSDppInstant,3900,0,1001.24,18915912,76690752,95606664,30411216,6298909,23205112,6298909,0,0,15210000,100,ok
BBMSDppStepwise,3900,0,1001.24,18915912,76690752,95606664,30411216,6298909,17979068,14887519,0,0,15210000,100,ok
DijkstraPrims,3900,0,1001.24,0,0,0,0,0,0,0,15210000,15208250,15208250,99.9885,ok
BBMSCore,3900,1,1004.67,2799493966,0,2799493966,0,0,0,0,0,0,15210000,100,ok
BBMSInter,3900,1,1004.67,18934148,324270915,343205063,30411307,0,0,0,0,0,15210000,100,ok
BBMSDppInstant,3900,1,1004.67,18934148,76683669,95617817,30411307,6293673,23341628,6293673,0,0,15210000,100,ok
BBMSDppStepwise,3900,1,1004.67,18934148,76683669,95617817,30411307,6293673,18025218,14930415,0,0,15210000,100,ok
DijkstraPrims,3900,1,1004.67,0,0,0,0,0,0,0,15210000,15208985,15208985,99.9933,ok
BBMSCore,3900,2,999.848,2871800340,0,2871800340,0,0,0,0,0,0,15210000,100,ok
BBMSInter,3900,2,999.848,18949756,320206021,339155777,30409592,0,0,0,0,0,15210000,100,ok
BBMSDppInstant,3900,2,999.848,18949756,76664284,95614040,30409592,6281318,23217724,6281318,0,0,15210000,100,ok
BBMSDppStepwise,3900,2,999.848,18949756,76664284,95614040,30409592,6281318,18017197,14898493,0,0,15210000,100,ok
DijkstraPrims,3900,2,999.848,0,0,0,0,0,0,0,15210000,15208020,15208020,99.987,ok
BBMSCore,3900,3,999.737,2762826080,0,2762826080,0,0,0,0,0,0,15210000,100,ok
BBMSInter,3900,3,999.737,18883350,320336965,339220315,30411072,0,0,0,0,0,15210000,100,ok
BBMSDppInstant,3900,3,999.737,18883350,76755189,95638539,30411072,6307330,23250684,6307330,0,0,15210000,100,ok
BBMSDppStepwise,3900,3,999.737,18883350,76755189,95638539,30411072,6307330,18024453,14915218,0,0,15210000,100,ok
DijkstraPrims,3900,3,999.737,0,0,0,0,0,0,0,15210000,15207975,15207975,99.9867,ok
BBMSCore,3900,4,1004.07,2849518542,0,2849518542,0,0,0,0,0,0,15210000,100,ok
BBMSInter,3900,4,1004.07,18928436,309474517,328402953,30411009,0,0,0,0,0,15210000,100,ok
BBMSDppInstant,3900,4,1004.07,18928436,76702489,95630925,30411009,6271538,23365424,6271538,0,0,15210000,100,ok
BBMSDppStepwise,3900,4,1004.07,18928436,76702489,95630925,30411009,6271538,18029644,14911740,0,0,15210000,100,ok
DijkstraPrims,3900,4,1004.07,0,0,0,0,0,0,0,15210000,15208829,15208829,99.9923,ok
BBMSCore,6500,0,1004.81,9117124410,0,9117124410,0,0,0,0,0,0,42250000,100,ok
BBMSInter,6500,0,1004.81,52554470,968680082,1021234552,84485293,0,0,0,0,0,42250000,100,ok
BBMSDppInstant,6500,0,1004.81,52554470,213158854,265713324,84485293,17506306,66124206,17506306,0,0,42250000,100,ok
BBMSDppStepwise,6500,0,1004.81,52554470,213158854,265713324,84485293,17506306,50353672,41665867,0,0,42250000,100,ok
DijkstraPrims,6500,0,1004.81,0,0,0,0,0,0,0,42250000,42248398,42248398,99.9962,ok
BBMSCore,6500,1,994.136,9633099292,0,9633099292,0,0,0,0,0,0,42250000,100,ok
BBMSInter,6500,1,994.136,52479350,1029950970,1082430320,84485190,0,0,0,0,0,42250000,100,ok
BBMSDppInstant,6500,1,994.136,52479350,213254368,265733718,84485190,17519079,66055326,17519079,0,0,42250000,100,ok
BBMSDppStepwise,6500,1,994.136,52479350,213254368,265733718,84485190,17519079,50292717,41597827,0,0,42250000,100,ok
DijkstraPrims,6500,1,994.136,0,0,0,0,0,0,0,42250000,42244875,42244875,99.9879,ok
BBMSCore,6500,2,1001.58,9310560706,0,9310560706,0,0,0,0,0,0,42250000,100,ok
BBMSInter,6500,2,1001.58,52509186,971728474,1024237660,84483945,0,0,0,0,0,42250000,100,ok
BBMSDppInstant,6500,2,1001.58,52509186,213160653,265669839,84483945,17528746,66039420,17528746,0,0,42250000,100,ok
BBMSDppStepwise,6500,2,1001.58,52509186,213160653,265669839,84483945,17528746,50247898,41666065,0,0,42250000,100,ok
DijkstraPrims,6500,2,1001.58,0,0,0,0,0,0,0,42250000,42247227,42247227,99.9934,ok
BBMSCore,6500,3,1003.71,9259843386,0,9259843386,0,0,0,0,0,0,42250000,100,ok
BBMSInter,6500,3,1003.71,52552830,1050924037,1103476867,84485302,0,0,0,0,0,42250000,100,ok
BBMSDppInstant,6500,3,1003.71,52552830,213118849,265671679,84485302,17467259,66085109,17467259,0,0,42250000,100,ok
BBMSDppStepwise,6500,3,1003.71,52552830,213118849,265671679,84485302,17467259,50243406,41653899,0,0,42250000,100,ok
DijkstraPrims,6500,3,1003.71,0,0,0,0,0,0,0,42250000,42247975,42247975,99.9952,ok
BBMSCore,6500,4,999.029,9644299276,0,9644299276,0,0,0,0,0,0,42250000,100,ok
BBMSInter,6500,4,999.029,52513564,986859317,1039372881,84484786,0,0,0,0,0,42250000,100,ok
BBMSDppInstant,6500,4,999.029,52513564,213172597,265686161,84484786,17529944,65806690,17529944,0,0,42250000,100,ok
BBMSDppStepwise,6500,4,999.029,52513564,213172597,265686161,84484786,17529944,50235376,41645830,0,0,42250000,100,ok
DijkstraPrims,6500,4,999.029,0,0,0,0,0,0,0,42250000,42246357,42246357,99.9914,ok
BBMSInter,11000,0,990.746,150344006,3282425440,3432769446,241975305,0,0,0,0,0,121000000,100,ok
BBMSDppInstant,11000,0,990.746,150344006,610670302,761014308,241975305,50210374,192619585,50210374,0,0,121000000,100,ok
BBMSDppStepwise,11000,0,990.746,150344006,610670302,761014308,241975305,50210374,144386996,119762636,0,0,121000000,100,ok
DijkstraPrims,11000,0,990.746,0,0,0,0,0,0,0,121000000,120989422,120989422,99.9913,ok
BBMSInter,11000,1,1003.52,150205648,3472142278,3622347926,241973015,0,0,0,0,0,121000000,100,ok
BBMSDppInstant,11000,1,1003.52,150205648,610864168,761069816,241973015,50274083,192504659,50274083,0,0,121000000,100,ok
BBMSDppStepwise,11000,1,1003.52,150205648,610864168,761069816,241973015,50274083,144369255,119723768,0,0,121000000,100,ok
DijkstraPrims,11000,1,1003.52,0,0,0,0,0,0,0,121000000,120996496,120996496,99.9971,ok
BBMSInter,11000,2,1008.22,150116074,3375618624,3525734698,241976901,0,0,0,0,0,121000000,100,ok
BBMSDppInstant,11000,2,1008.22,150116074,610976337,761092411,241976901,50365556,192170513,50365556,0,0,121000000,100,ok
BBMSDppStepwise,11000,2,1008.22,150116074,610976337,761092411,241976901,50365556,144334516,119678097,0,0,121000000,100,ok
DijkstraPrims,11000,2,1008.22,0,0,0,0,0,0,0,121000000,120998950,120998950,99.9991,ok
BBMSInter,11000,3,1003.09,150240136,3376272797,3526512933,241971215,0,0,0,0,0,121000000,100,ok
BBMSDppInstant,11000,3,1003.09,150240136,610860548,761100684,241971215,50249937,192370648,50249937,0,0,121000000,100,ok
BBMSDppStepwise,11000,3,1003.09,150240136,610860548,761100684,241971215,50249937,144482505,119742559,0,0,121000000,100,ok
DijkstraPrims,11000,3,1003.09,0,0,0,0,0,0,0,121000000,120996047,120996047,99.9967,ok
BBMSInter,11000,4,1003.29,150278724,3340978544,3491257268,241974509,0,0,0,0,0,121000000,100,ok
BBMSDppInstant,11000,4,1003.29,150278724,610876819,761155543,241974509,50178579,192849327,50178579,0,0,121000000,100,ok
BBMSDppStepwise,11000,4,1003.29,150278724,610876819,761155543,241974509,50178579,144509971,119683798,0,0,121000000,100,ok
DijkstraPrims,11000,4,1003.29,0,0,0,0,0,0,0,121000000,120996414,120996414,99.997,ok
BBMSDppStepwise,18000,0,1008.76,402368978,1635774604,2038143582,647961468,134402192,387805710,321519758,0,0,324000000,100,ok
BBMSDppStepwise,18000,1,993.1,402454326,1635674398,2038128724,647963799,134603407,387570640,321296950,0,0,324000000,100,ok
BBMSDppStepwise,18000,2,994.802,402584080,1635330203,2037914283,647959457,134507802,387445137,321575125,0,0,324000000,100,ok
BBMSDppStepwise,18000,3,1001.57,402632716,1635292858,2037925574,647952236,134420656,387496046,321411600,0,0,324000000,100,ok
BBMSDppStepwise,18000,4,1007.11,402278128,1635896107,2038174235,647957144,134649347,387865027,321465569,0,0,324000000,100,ok
BBMSInter,18000,0,1008.76,402368978,10231710388,10634079366,647961468,0,0,0,0,0,324000000,100,ok
BBMSDppInstant,18000,0,1008.76,402368978,1635774604,2038143582,647961468,134402192,524950182,134402192,0,0,324000000,100,ok
DijkstraPrims,18000,0,1008.76,0,0,0,0,0,0,0,324000000,323998842,323998842,99.9996,ok
