algorithm,N,sample,runtime_s,frechet_dist,maxrss_before_mb,maxrss_after_mb,minor_faults,major_faults,block_input_ops,block_output_ops,voluntary_ctx_switches,involuntary_ctx_switches,user_time_s,sys_time_s,blocked_time_s,status,repeat
BBMSCore,500,0,0.0579674,0,6.39062,9.23047,1472,0,0,0,0,0,0.057975,0,-7.559e-06,ok,0
BBMSInter,500,0,0.0225903,0,6.40234,16.8789,3425,0,0,0,0,0,0.022597,0,-6.687e-06,ok,0
BBMSDppInstant,500,0,0.0653607,0,6.40234,58.6016,14133,0,0,0,0,2,0.02704,0.038292,2.8659e-05,ok,0
BBMSDppStepwise,500,0,0.0700066,0,6.40234,56.7148,13640,0,0,0,0,2,0.069991,0,1.5618e-05,ok,0
DijkstraPrims,500,0,0.00018103,0,6.40234,6.40234,26,0,0,0,0,0,0.000188,0,-6.97e-06,ok,0
BBMSCore,500,0,0.0576692,0,6.40625,9.22266,1472,0,0,0,0,1,0.057669,0,2.5e-07,ok,1
BBMSInter,500,0,0.022731,0,6.40625,16.8555,3425,0,0,0,0,0,0.022736,0,-4.953e-06,ok,1
BBMSDppInstant,500,0,0.0643507,0,6.40625,58.6172,14133,0,0,0,0,1,0.053344,0.010993,1.3724e-05,ok,1
BBMSDppStepwise,500,0,0.0712888,0,6.41016,56.7461,13640,0,0,0,0,1,0.062139,0.00914,9.767e-06,ok,1
DijkstraPrims,500,0,0.000234275,0,6.41016,6.41016,26,0,0,0,0,0,0.000241,0,-6.725e-06,ok,1
BBMSCore,500,0,0.0574903,0,6.41016,9.22656,1472,0,0,0,0,1,0.057483,0,7.293e-06,ok,2
BBMSInter,500,0,0.0225533,0,6.41016,16.8633,3425,0,0,0,0,1,0.022545,0,8.333e-06,ok,2
BBMSDppInstant,500,0,0.0642877,0,6.41016,58.6172,14133,0,0,0,0,2,0.045432,0.018836,1.9681e-05,ok,2
BBMSDppStepwise,500,0,0.070004,0,6.41406,56.7422,13640,0,0,0,0,2,0.059736,0.01025,1.8003e-05,ok,2
DijkstraPrims,500,0,0.000173774,0,6.41406,6.41406,26,0,0,0,0,0,0.000182,0,-8.226e-06,ok,2
BBMSCore,500,1,0.0535859,0,6.41406,9.24219,1472,0,0,0,0,0,0.053594,0,-8.067e-06,ok,0
BBMSInter,500,1,0.0218776,0,6.41406,16.8555,3425,0,0,0,0,1,0.009859,0.012006,1.2558e-05,ok,0
BBMSDppInstant,500,1,0.0632862,0,6.41406,58.6172,14144,0,0,0,0,3,0.052362,0.010891,3.3185e-05,ok,0
BBMSDppStepwise,500,1,0.0703303,0,6.41797,56.7422,13663,0,0,0,0,0,0.049601,0.020737,-7.719e-06,ok,0
DijkstraPrims,500,1,0.00018593,0,6.41797,6.41797,26,0,0,0,0,0,0.000192,0,-6.07e-06,ok,0
BBMSCore,500,1,0.0537396,0,6.41797,9.24219,1472,0,0,0,0,0,0.053747,0,-7.448e-06,ok,1
BBMSInter,500,1,0.0220988,0,6.41797,16.875,3425,0,0,0,0,1,0.014011,0.008078,9.822e-06,ok,1
BBMSDppInstant,500,1,0.0652131,0,6.41797,58.6172,14144,0,0,0,0,1,0.042755,0.022449,9.071e-06,ok,1
BBMSDppStepwise,500,1,0.0717326,0,6.41797,56.7461,13663,0,0,0,0,2,0.050574,0.021142,1.6632e-05,ok,1
DijkstraPrims,500,1,0.000172642,0,6.42188,6.42188,26,0,0,0,0,0,0.00018,0,-7.358e-06,ok,1
BBMSCore,500,1,0.0538757,0,6.42188,9.24219,1472,0,0,0,0,0,0.044538,0.009343,-5.274e-06,ok,2
BBMSInter,500,1,0.0222581,0,6.42188,16.8672,3425,0,0,0,0,1,0.022254,0,4.144e-06,ok,2
BBMSDppInstant,500,1,0.0653293,0,6.42188,58.6172,14144,0,0,0,0,1,0.036425,0.028895,9.286e-06,ok,2
BBMSDppStepwise,500,1,0.0704395,0,6.42188,56.7422,13663,0,0,0,0,2,0.049648,0.020765,2.6493e-05,ok,2
DijkstraPrims,500,1,0.000174675,0,6.42188,6.42188,26,0,0,0,0,0,0.000182,0,-7.325e-06,ok,2
BBMSCore,500,2,0.0506997,0,6.42188,9.23828,1472,0,0,0,0,0,0.050708,0,-8.317e-06,ok,0
BBMSInter,500,2,0.0246327,0,6.42188,16.8633,3425,0,0,0,0,1,0.015545,0.009079,8.688e-06,ok,0
BBMSDppInstant,500,2,0.0643171,0,6.42578,58.6094,14148,0,0,0,0,2,0.030857,0.033436,2.4081e-05,ok,0
BBMSDppStepwise,500,2,0.0704611,0,6.42969,56.8711,13685,0,0,0,0,1,0.036619,0.033841,1.063e-06,ok,0
DijkstraPrims,500,2,0.000181947,0,6.42969,6.42969,26,0,0,0,0,0,0.000189,0,-7.053e-06,ok,0
BBMSCore,500,2,0.0504628,0,6.42969,9.24219,1472,0,0,0,0,1,0.050462,0,7.59e-07,ok,1
BBMSInter,500,2,0.0245393,0,6.42969,16.8633,3425,0,0,0,0,1,0.015486,0.009041,1.2312e-05,ok,1
BBMSDppInstant,500,2,0.063634,0,6.42969,58.5938,14148,0,0,0,0,0,0.063641,0,-7.022e-06,ok,1
BBMSDppStepwise,500,2,0.070053,0,6.42969,56.8594,13685,0,0,0,0,2,0.059635,0.010393,2.5014e-05,ok,1
DijkstraPrims,500,2,0.000172635,0,6.42969,6.42969,26,0,0,0,0,0,0.00018,0,-7.365e-06,ok,1
BBMSCore,500,2,0.0509085,0,6.42969,9.24609,1472,0,0,0,0,1,0.050904,0,4.514e-06,ok,2
BBMSInter,500,2,0.025018,0,6.42969,16.8477,3425,0,0,0,0,0,0.025024,0,-5.979e-06,ok,2
BBMSDppInstant,500,2,0.0654996,0,6.42969,58.6094,14148,0,0,0,0,1,0.055765,0.009724,1.0636e-05,ok,2
BBMSDppStepwise,500,2,0.0704435,0,6.42969,56.8672,13685,0,0,0,0,1,0.05999,0.010446,7.499e-06,ok,2
DijkstraPrims,500,2,0.000174084,0,6.42969,6.42969,26,0,0,0,0,0,0.000181,0,-6.916e-06,ok,2
BBMSCore,500,3,0.0451746,0,6.42969,9.25,1472,0,0,0,0,0,0.035514,0.009668,-7.426e-06,ok,0
BBMSInter,500,3,0.0246006,0,6.43359,16.875,3425,0,0,0,0,0,0.015359,0.009248,-6.409e-06,ok,0
BBMSDppInstant,500,3,0.0658811,0,6.43359,58.7617,14166,0,0,0,0,2,0.046154,0.019706,2.1063e-05,ok,0
BBMSDppStepwise,500,3,0.0714996,0,6.4375,56.8672,13694,0,0,0,0,2,0.071477,0,2.2618e-05,ok,0
DijkstraPrims,500,3,0.000176151,0,6.4375,6.4375,26,0,0,0,0,0,0.000183,0,-6.849e-06,ok,0
BBMSCore,500,3,0.0450926,0,6.4375,9.24219,1472,0,0,0,0,1,0.045078,0,1.4565e-05,ok,1
BBMSInter,500,3,0.0237168,0,6.4375,16.8477,3425,0,0,0,0,1,0.014784,0.008927,5.75e-06,ok,1
BBMSDppInstant,500,3,0.0634875,0,6.4375,58.7383,14166,0,0,0,0,2,0.044458,0.019008,2.1463e-05,ok,1
BBMSDppStepwise,500,3,0.0696365,0,6.4375,56.8672,13694,0,0,0,0,1,0.048812,0.020817,7.514e-06,ok,1
DijkstraPrims,500,3,0.000174878,0,6.4375,6.4375,26,0,0,0,0,0,0.000182,0,-7.122e-06,ok,1
BBMSCore,500,3,0.0447641,0,6.4375,9.24219,1472,0,0,0,0,0,0.04477,0,-5.873e-06,ok,2
BBMSInter,500,3,0.0237455,0,6.4375,16.8594,3425,0,0,0,0,0,0.014813,0.008938,-5.468e-06,ok,2
BBMSDppInstant,500,3,0.06408,0,6.44141,58.7539,14166,0,0,0,0,3,0.041669,0.022377,3.3988e-05,ok,2
BBMSDppStepwise,500,3,0.0695868,0,6.44141,56.8672,13694,0,0,0,0,1,0.036409,0.03317,7.818e-06,ok,2
DijkstraPrims,500,3,0.00017474,0,6.44141,6.44141,26,0,0,0,0,0,0.000182,0,-7.26e-06,ok,2
BBMSCore,500,4,0.0519384,0,6.44141,9.24219,1472,0,0,0,0,1,0.042668,0.009261,9.352e-06,ok,0
BBMSInter,500,4,0.0234246,0,6.44141,16.8672,3425,0,0,0,0,0,0.023431,0,-6.435e-06,ok,0
BBMSDppInstant,500,4,0.0631399,0,6.44141,58.75,14158,0,0,0,0,2,0.034543,0.028582,1.4881e-05,ok,0
BBMSDppStepwise,500,4,0.0711671,0,6.44141,56.7461,13667,0,0,0,0,2,0.024361,0.046783,2.3098e-05,ok,0
DijkstraPrims,500,4,0.000175057,0,6.44531,6.44531,26,0,0,0,0,0,0.000182,0,-6.943e-06,ok,0
BBMSCore,500,4,0.0520483,0,6.44531,9.26172,1472,0,0,0,0,2,0.05203,0,1.8347e-05,ok,1
BBMSInter,500,4,0.0233734,0,6.44531,16.875,3425,0,0,0,0,0,0.02338,0,-6.611e-06,ok,1
BBMSDppInstant,500,4,0.0644496,0,6.44531,58.7305,14158,0,0,0,0,2,0.045004,0.01943,1.5572e-05,ok,1
BBMSDppStepwise,500,4,0.0708757,0,6.44531,56.75,13667,0,0,0,0,2,0.049553,0.021308,1.4696e-05,ok,1
DijkstraPrims,500,4,0.000171912,0,6.44531,6.44531,26,0,0,0,0,0,0.000179,0,-7.088e-06,ok,1
BBMSCore,500,4,0.0519166,0,6.44531,9.24219,1472,0,0,0,0,1,0.051911,0,5.635e-06,ok,2
BBMSInter,500,4,0.0234711,0,6.44531,16.8633,3425,0,0,0,0,0,0.023477,0,-5.914e-06,ok,2
BBMSDppInstant,500,4,0.0638381,0,6.44531,58.7422,14158,0,0,0,0,2,0.044571,0.019239,2.8144e-05,ok,2
BBMSDppStepwise,500,4,0.0723733,0,6.44922,56.7422,13667,0,0,0,0,0,0.039768,0.032613,-7.72e-06,ok,2
DijkstraPrims,500,4,0.000174352,0,6.44922,6.44922,26,0,0,0,0,0,0.000182,0,-7.648e-06,ok,2
BBMSCore,830,0,0.22989,0,6.44922,19.3711,4050,0,0,0,0,1,0.229886,0,4.305e-06,ok,0
BBMSInter,830,0,0.0822181,0,6.44922,40.3672,9432,0,0,0,0,1,0.071661,0.010542,1.5145e-05,ok,0
BBMSDppInstant,830,0,0.198632,0,6.44922,155.801,39165,0,0,0,0,2,0.138395,0.060225,1.1577e-05,ok,0
BBMSDppStepwise,830,0,0.211289,0,6.44922,150.574,37846,0,0,0,0,2,0.19093,0.020323,3.6214e-05,ok,0
DijkstraPrims,830,0,0.000322099,0,6.44922,6.44922,45,0,0,0,0,0,0.000329,0,-6.901e-06,ok,0
BBMSCore,830,0,0.23084,0,6.44922,19.3672,4050,0,0,0,0,1,0.220706,0.010122,1.1521e-05,ok,1
BBMSInter,830,0,0.0813106,0,6.44922,40.3672,9432,0,0,0,0,1,0.062755,0.018545,1.059e-05,ok,1
BBMSDppInstant,830,0,0.197149,0,6.44922,155.832,39165,0,0,0,0,2,0.157267,0.039854,2.7618e-05,ok,1
BBMSDppStepwise,830,0,0.211168,0,6.44922,150.586,37846,0,0,0,0,2,0.129896,0.081248,2.4314e-05,ok,1
DijkstraPrims,830,0,0.000321425,0,6.45312,6.45312,45,0,0,0,0,0,0.000329,0,-7.575e-06,ok,1
BBMSCore,830,0,0.230661,0,6.45312,19.375,4050,0,0,0,0,1,0.230651,0,1.0251e-05,ok,2
BBMSInter,830,0,0.081515,0,6.45312,40.3555,9432,0,0,0,0,1,0.053619,0.027886,1e-05,ok,2
BBMSDppInstant,830,0,0.19663,0,6.45312,155.812,39165,0,0,0,0,3,0.166779,0.02981,4.0986e-05,ok,2
BBMSDppStepwise,830,0,0.210882,0,6.45312,150.57,37846,0,0,0,0,1,0.170296,0.040574,1.1871e-05,ok,2
DijkstraPrims,830,0,0.000308885,0,6.45312,6.45312,45,0,0,0,0,0,0.000316,0,-7.115e-06,ok,2
BBMSCore,830,1,0.189541,0,6.45703,19.375,4050,0,0,0,0,1,0.17941,0.010124,7.479e-06,ok,0
BBMSInter,830,1,0.0680315,0,6.45703,40.3672,9432,0,0,0,0,2,0.068021,0,1.0533e-05,ok,0
BBMSDppInstant,830,1,0.193276,0,6.45703,155.773,39166,0,0,0,0,1,0.166684,0.026571,2.1281e-05,ok,0
BBMSDppStepwise,830,1,0.209559,0,6.45703,150.535,37811,0,0,0,0,2,0.170879,0.038656,2.4298e-05,ok,0
DijkstraPrims,830,1,0.000305575,0,6.46094,6.46094,45,0,0,0,0,0,0.000313,0,-7.425e-06,ok,0
BBMSCore,830,1,0.189309,0,6.46094,19.3438,4050,0,0,0,0,1,0.17969,0.009608,1.0594e-05,ok,1
BBMSInter,830,1,0.0680127,0,6.46094,40.3672,9432,0,0,0,0,1,0.05789,0.010113,9.674e-06,ok,1
BBMSDppInstant,830,1,0.193938,0,6.46094,155.801,39166,0,0,0,0,2,0.162846,0.031074,1.7718e-05,ok,1
BBMSDppStepwise,830,1,0.210013,0,6.46094,150.539,37811,0,0,0,0,2,0.169437,0.040561,1.4633e-05,ok,1
DijkstraPrims,830,1,0.000312686,0,6.46484,6.46484,45,0,0,0,0,0,0.00032,0,-7.314e-06,ok,1
BBMSCore,830,1,0.190566,0,6.46484,19.3672,4050,0,0,0,0,1,0.190566,0,3.48e-07,ok,2
BBMSInter,830,1,0.0691729,0,6.46484,40.3672,9432,0,0,0,0,1,0.058883,0.010279,1.0934e-05,ok,2
BBMSDppInstant,830,1,0.196296,0,6.46484,155.805,39166,0,0,0,0,1,0.156455,0.039829,1.1851e-05,ok,2
BBMSDppStepwise,830,1,0.209382,0,6.46484,150.508,37811,0,0,0,0,1,0.164075,0.045304,3.395e-06,ok,2
DijkstraPrims,830,1,0.000309272,0,6.46484,6.46484,45,0,0,0,0,0,0.000317,0,-7.728e-06,ok,2
BBMSCore,830,2,0.208381,0,6.46484,19.2266,4050,0,0,0,0,2,0.198282,0.010098,1.275e-06,ok,0
BBMSInter,830,2,0.072907,0,6.46484,40.3672,9432,0,0,0,0,1,0.072902,0,5.011e-06,ok,0
BBMSDppInstant,830,2,0.19189,0,6.46484,155.578,39118,0,0,0,0,2,0.109558,0.082319,1.2653e-05,ok,0
BBMSDppStepwise,830,2,0.208861,0,6.46484,150.391,37803,0,0,0,0,1,0.17849,0.030373,-1.691e-06,ok,0
DijkstraPrims,830,2,0.000307977,0,6.46484,6.46484,45,0,0,0,0,0,0.000316,0,-8.023e-06,ok,0
BBMSCore,830,2,0.206515,0,6.46484,19.3398,4050,0,0,0,0,1,0.196507,0.010007,9.89e-07,ok,1
BBMSInter,830,2,0.0734987,0,6.46484,40.3672,9432,0,0,0,0,1,0.054213,0.019279,6.734e-06,ok,1
BBMSDppInstant,830,2,0.192102,0,6.46484,155.574,39118,0,0,0,0,1,0.140574,0.05152,7.635e-06,ok,1
BBMSDppStepwise,830,2,0.207073,0,6.46484,150.387,37803,0,0,0,0,2,0.146808,0.060243,2.223e-05,ok,1
DijkstraPrims,830,2,0.000307453,0,6.46484,6.46484,45,0,0,0,0,0,0.000315,0,-7.547e-06,ok,1
BBMSCore,830,2,0.206879,0,6.46484,19.3594,4050,0,0,0,0,2,0.206851,0,2.7522e-05,ok,2
BBMSInter,830,2,0.0734915,0,6.46875,40.375,9432,0,0,0,0,1,0.063837,0.009652,2.521e-06,ok,2
BBMSDppInstant,830,2,0.191566,0,6.46875,155.574,39118,0,0,0,0,1,0.123232,0.068324,1.0049e-05,ok,2
BBMSDppStepwise,830,2,0.207533,0,6.46875,150.398,37803,0,0,0,0,2,0.177331,0.03018,2.1617e-05,ok,2
DijkstraPrims,830,2,0.000315159,0,6.46875,6.46875,45,0,0,0,0,0,0.000322,0,-6.841e-06,ok,2
BBMSCore,830,3,0.192054,0,6.47266,19.3672,4050,0,0,0,0,2,0.18222,0.009825,8.696e-06,ok,0
BBMSInter,830,3,0.067563,0,6.47266,40.3594,9432,0,0,0,0,1,0.067555,0,7.968e-06,ok,0
BBMSDppInstant,830,3,0.19392,0,6.47266,155.801,39167,0,0,0,0,1,0.104641,0.089269,9.89e-06,ok,0
BBMSDppStepwise,830,3,0.209329,0,6.47266,150.43,37816,0,0,0,0,3,0.158335,0.050936,5.7878e-05,ok,0
DijkstraPrims,830,3,0.000308209,0,6.47266,6.47266,45,0,0,0,0,0,0.000315,0,-6.791e-06,ok,0
BBMSCore,830,3,0.191436,0,6.47266,19.3672,4050,0,0,0,0,1,0.191429,0,6.75e-06,ok,1
BBMSInter,830,3,0.0677006,0,6.47266,40.375,9432,0,0,0,0,1,0.057377,0.010313,1.0559e-05,ok,1
BBMSDppInstant,830,3,0.194558,0,6.47266,155.801,39167,0,0,0,0,1,0.154739,0.039808,1.0611e-05,ok,1
BBMSDppStepwise,830,3,0.20888,0,6.47266,150.438,37816,0,0,0,0,1,0.184362,0.024488,3.0045e-05,ok,1
DijkstraPrims,830,3,0.000311233,0,6.47266,6.47266,45,0,0,0,0,0,0.000319,0,-7.767e-06,ok,1
BBMSCore,830,3,0.194849,0,6.47656,19.3789,4050,0,0,0,0,3,0.184841,0.009966,4.2056e-05,ok,2
BBMSInter,830,3,0.0690265,0,6.47656,40.3672,9432,0,0,0,0,1,0.058508,0.010511,7.45e-06,ok,2
BBMSDppInstant,830,3,0.198155,0,6.47656,155.578,39167,0,0,0,0,0,0.149889,0.048277,-1.1161e-05,ok,2
BBMSDppStepwise,830,3,0.213959,0,6.47656,150.441,37816,0,0,0,0,0,0.164288,0.049681,-1.0436e-05,ok,2
DijkstraPrims,830,3,0.000306463,0,6.48047,6.48047,45,0,0,0,0,0,0.000315,0,-8.537e-06,ok,2
BBMSCore,830,4,0.218602,0,6.48047,19.375,4050,0,0,0,0,0,0.208434,0.010178,-9.746e-06,ok,0
BBMSInter,830,4,0.0757236,0,6.48047,40.3672,9432,0,0,0,0,1,0.075714,0,9.553e-06,ok,0
BBMSDppInstant,830,4,0.194695,0,6.48047,155.812,39166,0,0,0,0,2,0.154671,0.039994,2.9656e-05,ok,0
BBMSDppStepwise,830,4,0.211639,0,6.48438,150.367,37814,0,0,0,0,1,0.139293,0.072344,1.563e-06,ok,0
DijkstraPrims,830,4,0.000313726,0,6.48438,6.48438,45,0,0,0,0,0,0.000322,0,-8.274e-06,ok,0
BBMSCore,830,4,0.220697,0,6.48438,19.3633,4050,0,0,0,0,2,0.220689,0,8.261e-06,ok,1
BBMSInter,830,4,0.0760868,0,6.48438,40.375,9432,0,0,0,0,1,0.055721,0.020356,9.85e-06,ok,1
BBMSDppInstant,830,4,0.195857,0,6.48438,155.812,39166,0,0,0,0,1,0.145545,0.050304,7.915e-06,ok,1
BBMSDppStepwise,830,4,0.21065,0,6.48438,150.484,37814,0,0,0,0,1,0.169499,0.041147,4.385e-06,ok,1
DijkstraPrims,830,4,0.000314344,0,6.48438,6.48438,45,0,0,0,0,0,0.000322,0,-7.656e-06,ok,1
BBMSCore,830,4,0.217228,0,6.48438,19.3672,4050,0,0,0,0,3,0.217199,0,2.9112e-05,ok,2
BBMSInter,830,4,0.0776002,0,6.48438,40.375,9432,0,0,0,0,1,0.068392,0.009204,4.215e-06,ok,2
BBMSDppInstant,830,4,0.195789,0,6.48438,155.809,39166,0,0,0,0,1,0.145513,0.050265,1.1044e-05,ok,2
BBMSDppStepwise,830,4,0.210625,0,6.48438,150.469,37814,0,0,0,0,1,0.16152,0.049093,1.1606e-05,ok,2
DijkstraPrims,830,4,0.000311563,0,6.48438,6.48438,45,0,0,0,0,0,0.000319,0,-7.437e-06,ok,2
BBMSCore,1400,0,1.02683,0,6.48828,48.4922,11500,0,0,0,0,6,1.01667,0.010091,6.9933e-05,ok,0
BBMSInter,1400,0,0.301738,0,6.48828,108.242,26812,0,0,0,0,2,0.271281,0.030446,1.1361e-05,ok,0
BBMSDppInstant,1400,0,0.602105,0,6.48828,437.141,111418,0,0,0,0,2,0.502805,0.099141,0.000159451,ok,0
BBMSDppStepwise,1400,0,0.633346,0,6.49219,421.645,107447,0,0,0,0,2,0.524016,0.109312,1.8209e-05,ok,0
DijkstraPrims,1400,0,0.000471006,0,6.49219,6.49219,69,0,0,0,0,0,0.000478,0,-6.994e-06,ok,0
BBMSCore,1400,0,1.02866,0,6.49219,48.4922,11500,0,0,0,0,5,1.01843,0.01001,0.000224769,ok,1
BBMSInter,1400,0,0.300727,0,6.49219,108.238,26812,0,0,0,0,1,0.280499,0.020229,-1.316e-06,ok,1
BBMSDppInstant,1400,0,0.607942,0,6.49219,437.141,111418,0,0,0,0,2,0.487808,0.120131,3.423e-06,ok,1
BBMSDppStepwise,1400,0,0.638699,0,6.49219,421.594,107447,0,0,0,0,2,0.538453,0.100216,3.032e-05,ok,1
DijkstraPrims,1400,0,0.000452418,0,6.49609,6.49609,69,0,0,0,0,0,0.000459,0,-6.582e-06,ok,1
BBMSCore,1400,0,1.02974,0,6.49609,48.4961,11500,0,0,0,0,5,1.02237,0.007335,3.5435e-05,ok,2
BBMSInter,1400,0,0.300261,0,6.49609,108.223,26812,0,0,0,0,2,0.259814,0.040405,4.2351e-05,ok,2
BBMSDppInstant,1400,0,0.607226,0,6.49609,437.137,111418,0,0,0,0,4,0.487212,0.119974,4.0399e-05,ok,2
BBMSDppStepwise,1400,0,0.637221,0,6.49609,421.645,107447,0,0,0,0,6,0.477183,0.159957,8.0949e-05,ok,2
DijkstraPrims,1400,0,0.000454452,0,6.49609,6.49609,69,0,0,0,0,0,0.000462,0,-7.548e-06,ok,2
BBMSCore,1400,1,0.958918,0,6.49609,48.5,11500,0,0,0,0,5,0.938784,0.019849,0.000285327,ok,0
BBMSInter,1400,1,0.291465,0,6.5,108.246,26812,0,0,0,0,2,0.260878,0.030556,3.0703e-05,ok,0
BBMSDppInstant,1400,1,0.608982,0,6.5,438.09,111680,0,0,0,0,1,0.480429,0.128545,8.464e-06,ok,0
BBMSDppStepwise,1400,1,0.64211,0,6.5,421.691,107465,0,0,0,0,3,0.512849,0.129233,2.808e-05,ok,0
DijkstraPrims,1400,1,0.000460982,0,6.5,6.5,69,0,0,0,0,0,0.00047,0,-9.018e-06,ok,0
BBMSCore,1400,1,0.964513,0,6.5,48.4922,11500,0,0,0,0,5,0.94447,0.019966,7.7114e-05,ok,1
BBMSInter,1400,1,0.29098,0,6.5,108.242,26812,0,0,0,0,1,0.250281,0.040691,8.072e-06,ok,1
BBMSDppInstant,1400,1,0.613477,0,6.5,438.094,111680,0,0,0,0,3,0.46402,0.149395,6.1612e-05,ok,1
BBMSDppStepwise,1400,1,0.640558,0,6.5,421.672,107465,0,0,0,0,4,0.519633,0.120853,7.1839e-05,ok,1
DijkstraPrims,1400,1,0.000449845,0,6.5,6.5,69,0,0,0,0,0,0.000458,0,-8.155e-06,ok,1
BBMSCore,1400,1,0.959785,0,6.5,48.4883,11500,0,0,0,0,3,0.939833,0.019869,8.2516e-05,ok,2
BBMSInter,1400,1,0.293269,0,6.5,108.25,26812,0,0,0,0,1,0.262507,0.030755,7.351e-06,ok,2
BBMSDppInstant,1400,1,0.611242,0,6.5,438.078,111680,0,0,0,0,4,0.45241,0.158783,4.9295e-05,ok,2
BBMSDppStepwise,1400,1,0.641115,0,6.5,421.688,107465,0,0,0,0,2,0.510058,0.13104,1.741e-05,ok,2
DijkstraPrims,1400,1,0.000473745,0,6.5,6.5,69,0,0,0,0,0,0.000482,0,-8.255e-06,ok,2
BBMSCore,1400,2,1.04698,0,6.50781,48.4922,11500,0,0,0,0,3,1.03693,0.009926,0.000117543,ok,0
BBMSInter,1400,2,0.275065,0,6.50781,108.242,26812,0,0,0,0,1,0.234989,0.040075,9.55e-07,ok,0
BBMSDppInstant,1400,2,0.598943,0,6.50781,436.93,111340,0,0,0,0,1,0.488146,0.110798,-7.65e-07,ok,0
BBMSDppStepwise,1400,2,0.634895,0,6.50781,421.152,107315,0,0,0,0,4,0.474788,0.16007,3.7488e-05,ok,0
DijkstraPrims,1400,2,0.000455418,0,6.51172,6.51172,69,0,0,0,0,0,0,0.000464,-8.582e-06,ok,0
BBMSCore,1400,2,1.04602,0,6.51172,48.4805,11500,0,0,0,0,5,1.02591,0.020024,7.9708e-05,ok,1
BBMSInter,1400,2,0.277124,0,6.51172,108.246,26812,0,0,0,0,0,0.246857,0.030278,-1.0937e-05,ok,1
BBMSDppInstant,1400,2,0.605436,0,6.51172,436.934,111340,0,0,0,0,4,0.465197,0.140196,4.349e-05,ok,1
BBMSDppStepwise,1400,2,0.64215,0,6.51172,421.176,107315,0,0,0,0,1,0.482732,0.159408,1.0267e-05,ok,1
DijkstraPrims,1400,2,0.000456736,0,6.51172,6.51172,69,0,0,0,0,0,0.000464,0,-7.264e-06,ok,1
BBMSCore,1400,2,1.04749,0,6.51172,48.4922,11500,0,0,0,0,7,1.03722,0.010024,0.000243433,ok,2
BBMSInter,1400,2,0.276566,0,6.51172,108.242,26812,0,0,0,0,3,0.257072,0.019447,4.7353e-05,ok,2
BBMSDppInstant,1400,2,0.605233,0,6.51172,436.922,111340,0,0,0,0,1,0.485095,0.120129,9.401e-06,ok,2
BBMSDppStepwise,1400,2,0.64031,0,6.51172,421.164,107315,0,0,0,0,3,0.511136,0.129145,2.8777e-05,ok,2
DijkstraPrims,1400,2,0.000469324,0,6.51172,6.51172,69,0,0,0,0,0,0.000477,0,-7.676e-06,ok,2
BBMSCore,1400,3,1.06856,0,6.51562,48.4922,11500,0,0,0,0,4,1.04845,0.020099,4.311e-06,ok,0
BBMSInter,1400,3,0.298618,0,6.51562,108.234,26812,0,0,0,0,1,0.278905,0.019704,9.164e-06,ok,0
BBMSDppInstant,1400,3,0.608208,0,6.51562,437.68,111551,0,0,0,0,4,0.487189,0.120983,3.5859e-05,ok,0
BBMSDppStepwise,1400,3,0.638517,0,6.51562,421.961,107530,0,0,0,0,3,0.48956,0.148924,3.2924e-05,ok,0
DijkstraPrims,1400,3,0.000460578,0,6.51562,6.51562,69,0,0,0,0,0,0.000469,0,-8.422e-06,ok,0
BBMSCore,1400,3,1.06827,0,6.51562,48.4961,11500,0,0,0,0,5,1.05828,0.009953,3.9179e-05,ok,1
BBMSInter,1400,3,0.303082,0,6.51562,108.25,26812,0,0,0,0,3,0.263072,0.039979,3.0625e-05,ok,1
BBMSDppInstant,1400,3,0.611042,0,6.51562,437.684,111551,0,0,0,0,1,0.448995,0.16205,-3.456e-06,ok,1
BBMSDppStepwise,1400,3,0.641118,0,6.51953,421.953,107530,0,0,0,0,4,0.531424,0.109653,4.0765e-05,ok,1
DijkstraPrims,1400,3,0.000453288,0,6.51953,6.51953,69,0,0,0,0,0,0.000461,0,-7.712e-06,ok,1
BBMSCore,1400,3,1.07157,0,6.51953,48.5,11500,0,0,0,0,5,1.06154,0.009983,5.2941e-05,ok,2
BBMSInter,1400,3,0.302323,0,6.51953,108.234,26812,0,0,0,0,3,0.27236,0.02991,5.2897e-05,ok,2
BBMSDppInstant,1400,3,0.611324,0,6.51953,437.684,111551,0,0,0,0,3,0.451797,0.159506,2.0669e-05,ok,2
BBMSDppStepwise,1400,3,0.642514,0,6.51953,421.953,107530,0,0,0,0,5,0.482608,0.159832,7.4071e-05,ok,2
DijkstraPrims,1400,3,0.000460189,0,6.52344,6.52344,69,0,0,0,0,0,0.000469,0,-8.811e-06,ok,2
BBMSCore,1400,4,1.00639,0,6.52344,48.375,11500,0,0,0,0,5,0.996136,0.010041,0.000212331,ok,0
BBMSInter,1400,4,0.28748,0,6.52344,108.242,26812,0,0,0,0,3,0.257883,0.029569,2.7932e-05,ok,0
BBMSDppInstant,1400,4,0.615032,0,6.52344,437.223,111429,0,0,0,0,3,0.464213,0.150788,3.1327e-05,ok,0
BBMSDppStepwise,1400,4,0.644755,0,6.52734,421.656,107458,0,0,0,0,3,0.49404,0.150672,4.2579e-05,ok,0
DijkstraPrims,1400,4,0.000456141,0,6.52734,6.52734,69,0,0,0,0,0,0.000464,0,-7.859e-06,ok,0
BBMSCore,1400,4,1.007,0,6.52734,48.4688,11500,0,0,0,0,2,0.986713,0.020097,0.000193378,ok,1
BBMSInter,1400,4,0.284788,0,6.52734,108.219,26812,0,0,0,0,4,0.26455,0.020204,3.3925e-05,ok,1
BBMSDppInstant,1400,4,0.612502,0,6.52734,437.207,111429,0,0,0,0,2,0.462343,0.150152,7.305e-06,ok,1
BBMSDppStepwise,1400,4,0.640965,0,6.52734,421.656,107458,0,0,0,0,3,0.501133,0.139807,2.4839e-05,ok,1
DijkstraPrims,1400,4,0.000456379,0,6.52734,6.52734,69,0,0,0,0,0,0.000463,0,-6.621e-06,ok,1
BBMSCore,1400,4,1.0066,0,6.52734,48.4883,11500,0,0,0,0,6,0.984751,0.021814,3.572e-05,ok,2
BBMSInter,1400,4,0.286782,0,6.52734,108.242,26812,0,0,0,0,2,0.247429,0.039329,2.3517e-05,ok,2
BBMSDppInstant,1400,4,0.612624,0,6.52734,437.195,111429,0,0,0,0,2,0.452385,0.160214,2.4996e-05,ok,2
BBMSDppStepwise,1400,4,0.640836,0,6.53125,421.66,107458,0,0,0,0,3,0.481046,0.159755,3.5435e-05,ok,2
DijkstraPrims,1400,4,0.000458047,0,6.53125,6.53125,69,0,0,0,0,0,0.000466,0,-7.953e-06,ok,2
BBMSCore,2300,0,4.2559,0,6.53125,124.617,31024,0,0,0,0,16,4.20538,0.049987,0.000536396,ok,0
BBMSInter,2300,0,1.25939,0,6.53125,286.242,72352,0,0,0,0,4,1.20924,0.050117,2.8997e-05,ok,0
BBMSDppInstant,2300,0,1.76504,0,6.53125,1175.36,301692,0,0,0,0,7,1.25536,0.509573,9.8639e-05,ok,0
BBMSDppStepwise,2300,0,1.92832,0,6.53125,1131.78,290511,0,0,0,0,6,1.51774,0.410386,0.000191886,ok,0
DijkstraPrims,2300,0,0.00082162,0,6.53516,6.53516,123,0,0,0,0,0,0,0.000829,-7.38e-06,ok,0
BBMSCore,2300,0,4.25175,0,6.53516,124.723,31024,0,0,0,0,18,4.21115,0.040043,0.000551165,ok,1
BBMSInter,2300,0,1.25183,0,6.53516,286.242,72352,0,0,0,0,2,1.16143,0.090391,1.1823e-05,ok,1
BBMSDppInstant,2300,0,1.7648,0,6.53516,1175.33,301692,0,0,0,0,5,1.48503,0.279747,2.5072e-05,ok,1
BBMSDppStepwise,2300,0,1.89096,0,6.53516,1131.78,290511,0,0,0,0,7,1.57014,0.320752,6.9058e-05,ok,1
DijkstraPrims,2300,0,0.00081799,0,6.53516,6.53516,123,0,0,0,0,0,0.000824,0,-6.01e-06,ok,1
BBMSCore,2300,0,4.24976,0,6.53516,124.742,31024,0,0,0,0,17,4.20914,0.040024,0.000590204,ok,2
BBMSInter,2300,0,1.25979,0,6.53516,286.234,72352,0,0,0,0,3,1.17956,0.080217,9.138e-06,ok,2
BBMSDppInstant,2300,0,1.75552,0,6.53516,1175.41,301692,0,0,0,0,6,1.40353,0.351798,0.000194343,ok,2
BBMSDppStepwise,2300,0,1.89486,0,6.53516,1131.66,290511,0,0,0,0,6,1.54506,0.349708,9.6479e-05,ok,2
DijkstraPrims,2300,0,0.000828195,0,6.53516,6.53516,123,0,0,0,0,0,0.000836,0,-7.805e-06,ok,2
BBMSCore,2300,1,4.80104,0,6.53906,124.605,31024,0,0,0,0,25,4.77045,0.029975,0.000613878,ok,0
BBMSInter,2300,1,1.30542,0,6.53906,286.242,72352,0,0,0,0,11,1.21523,0.090085,9.7967e-05,ok,0
BBMSDppInstant,2300,1,1.77062,0,6.53906,1176.14,301877,0,0,0,0,6,1.42124,0.349286,9.2088e-05,ok,0
BBMSDppStepwise,2300,1,1.91172,0,6.53906,1132.07,290583,0,0,0,0,8,1.57206,0.339546,0.000110957,ok,0
DijkstraPrims,2300,1,0.000829056,0,6.54688,6.54688,123,0,0,0,0,0,0.000837,0,-7.944e-06,ok,0
BBMSCore,2300,1,4.80397,0,6.54688,124.617,31024,0,0,0,0,26,4.7735,0.029994,0.000482816,ok,1
BBMSInter,2300,1,1.30836,0,6.54688,286.117,72352,0,0,0,0,1,1.22871,0.079651,-5.472e-06,ok,1
BBMSDppInstant,2300,1,1.77223,0,6.54688,1176.13,301877,0,0,0,0,9,1.33265,0.439504,7.9613e-05,ok,1
BBMSDppStepwise,2300,1,1.89871,0,6.54688,1132.07,290583,0,0,0,0,8,1.54779,0.35081,0.000109825,ok,1
DijkstraPrims,2300,1,0.000823973,0,6.54688,6.54688,123,0,0,0,0,0,0.000832,0,-8.027e-06,ok,1
BBMSCore,2300,1,4.80393,0,6.54688,124.625,31024,0,0,0,0,18,4.77346,0.029994,0.000466619,ok,2
BBMSInter,2300,1,1.30997,0,6.54688,286.23,72352,0,0,0,0,5,1.22022,0.089715,3.0129e-05,ok,2
BBMSDppInstant,2300,1,1.76053,0,6.54688,1176.12,301877,0,0,0,0,8,1.34895,0.411438,0.00014231,ok,2
BBMSDppStepwise,2300,1,1.90102,0,6.54688,1132.06,290583,0,0,0,0,10,1.5415,0.359382,0.000141672,ok,2
DijkstraPrims,2300,1,0.000825107,0,6.54688,6.54688,123,0,0,0,0,0,0.000833,0,-7.893e-06,ok,2
BBMSCore,2300,2,3.88513,0,6.55078,124.719,31024,0,0,0,0,21,3.85452,0.030019,0.000587539,ok,0
BBMSInter,2300,2,1.07147,0,6.55078,286.219,72352,0,0,0,0,4,0.981475,0.089965,2.882e-05,ok,0
BBMSDppInstant,2300,2,1.76036,0,6.55078,1176.99,302206,0,0,0,0,11,1.36063,0.399618,0.000107812,ok,0
BBMSDppStepwise,2300,2,1.88744,0,6.55078,1132.18,290627,0,0,0,0,10,1.48617,0.40114,0.000136294,ok,0
DijkstraPrims,2300,2,0.000824757,0,6.55078,6.55078,123,0,0,0,0,0,0.000833,0,-8.243e-06,ok,0
BBMSCore,2300,2,3.88363,0,6.55078,124.742,31024,0,0,0,0,17,3.86352,0.020007,0.00010489,ok,1
BBMSInter,2300,2,1.07194,0,6.55078,286.242,72352,0,0,0,0,5,0.981899,0.090006,3.1102e-05,ok,1
BBMSDppInstant,2300,2,1.75689,0,6.55078,1177.11,302206,0,0,0,0,5,1.43594,0.320895,5.7363e-05,ok,1
BBMSDppStepwise,2300,2,1.88238,0,6.55078,1132.2,290627,0,0,0,0,6,1.53225,0.35007,6.0871e-05,ok,1
DijkstraPrims,2300,2,0.000824269,0,6.55078,6.55078,123,0,0,0,0,0,0.000832,0,-7.731e-06,ok,1
BBMSCore,2300,2,3.88287,0,6.55078,124.617,31024,0,0,0,0,14,3.84245,0.040004,0.000416392,ok,2
BBMSInter,2300,2,1.07064,0,6.55078,286.137,72352,0,0,0,0,7,0.980712,0.089891,3.8611e-05,ok,2
BBMSDppInstant,2300,2,1.75015,0,6.55078,1177.14,302206,0,0,0,0,9,1.37046,0.379601,9.0599e-05,ok,2
BBMSDppStepwise,2300,2,1.87986,0,6.55469,1132.2,290627,0,0,0,0,10,1.56011,0.319625,0.000124617,ok,2
DijkstraPrims,2300,2,0.000829233,0,6.55469,6.55469,123,0,0,0,0,0,0.000837,0,-7.767e-06,ok,2
BBMSCore,2300,3,4.54905,0,6.55469,124.738,31024,0,0,0,0,16,4.51833,0.029991,0.000728469,ok,0
BBMSInter,2300,3,1.47675,0,6.55469,286.238,72352,0,0,0,0,8,1.39679,0.079839,0.000118103,ok,0
BBMSDppInstant,2300,3,1.76918,0,6.55469,1175.22,301674,0,0,0,0,9,1.45918,0.309892,0.000106807,ok,0
BBMSDppStepwise,2300,3,1.90021,0,6.55859,1131.29,290390,0,0,0,0,6,1.57009,0.330078,4.2748e-05,ok,0
DijkstraPrims,2300,3,0.00082246,0,6.55859,6.55859,123,0,0,0,0,0,0.00083,0,-7.54e-06,ok,0
BBMSCore,2300,3,4.54963,0,6.55859,124.75,31024,0,0,0,0,18,4.52892,0.019996,0.000717053,ok,1
BBMSInter,2300,3,1.4801,0,6.55859,286.242,72352,0,0,0,0,7,1.40001,0.080022,6.9071e-05,ok,1
BBMSDppInstant,2300,3,1.76954,0,6.55859,1175.16,301674,0,0,0,0,8,1.33938,0.429949,0.000217947,ok,1
BBMSDppStepwise,2300,3,1.89601,0,6.55859,1131.3,290390,0,0,0,0,4,1.58178,0.314198,2.6782e-05,ok,1
DijkstraPrims,2300,3,0.000848865,0,6.55859,6.55859,123,0,0,0,0,0,0.000857,0,-8.135e-06,ok,1
BBMSCore,2300,3,4.41187,0,6.55859,124.609,31024,0,0,0,0,16,4.37187,0.039926,7.1693e-05,ok,2
BBMSInter,2300,3,1.43407,0,6.55859,286.254,72352,0,0,0,0,4,1.33376,0.100311,5.02e-06,ok,2
BBMSDppInstant,2300,3,1.73224,0,6.55859,1175.24,301674,0,0,0,0,4,1.4017,0.330473,7.2923e-05,ok,2
BBMSDppStepwise,2300,3,1.87458,0,6.55859,1131.28,290390,0,0,0,0,10,1.48349,0.390994,9.0535e-05,ok,2
DijkstraPrims,2300,3,0.000834891,0,6.5625,6.5625,123,0,0,0,0,0,0.000843,0,-8.109e-06,ok,2
BBMSCore,2300,4,3.93153,0,6.56641,124.754,31024,0,0,0,0,12,3.88749,0.043654,0.000389389,ok,0
BBMSInter,2300,4,1.09643,0,6.56641,286.242,72352,0,0,0,0,6,1.02643,0.069931,6.9039e-05,ok,0
BBMSDppInstant,2300,4,1.74074,0,6.56641,1177.05,302190,0,0,0,0,4,1.30235,0.438258,0.00013038,ok,0
BBMSDppStepwise,2300,4,1.86654,0,6.57031,1132.56,290714,0,0,0,0,5,1.4767,0.389787,5.1164e-05,ok,0
DijkstraPrims,2300,4,0.000837543,0,6.57031,6.57031,123,0,0,0,0,0,0.000846,0,-8.457e-06,ok,0
BBMSCore,2300,4,3.92139,0,6.57031,124.734,31024,0,0,0,0,16,3.89124,0.030027,0.00012414,ok,1
BBMSInter,2300,4,1.09077,0,6.57031,286.227,72352,0,0,0,0,6,1.02052,0.07021,3.3853e-05,ok,1
BBMSDppInstant,2300,4,1.73178,0,6.57031,1177.11,302190,0,0,0,0,7,1.35288,0.378744,0.000160868,ok,1
BBMSDppStepwise,2300,4,1.86705,0,6.57031,1132.57,290714,0,0,0,0,7,1.60701,0.259922,0.000121054,ok,1
DijkstraPrims,2300,4,0.000863702,0,6.57031,6.57031,123,0,0,0,0,0,0.000872,0,-8.298e-06,ok,1
BBMSCore,2300,4,3.92192,0,6.57031,124.742,31024,0,0,0,0,14,3.87193,0.049926,6.9434e-05,ok,2
BBMSInter,2300,4,1.0948,0,6.57031,286.242,72352,0,0,0,0,3,1.02432,0.070479,-3.938e-06,ok,2
BBMSDppInstant,2300,4,1.73293,0,6.57031,1177.1,302190,0,0,0,0,6,1.36014,0.372723,7.5005e-05,ok,2
BBMSDppStepwise,2300,4,1.86544,0,6.57031,1132.56,290714,0,0,0,0,7,1.56412,0.301268,5.6883e-05,ok,2
DijkstraPrims,2300,4,0.000824643,0,6.57031,6.57031,123,0,0,0,0,0,0.000833,0,-8.357e-06,ok,2
BBMSCore,3900,0,16.8522,0,6.57422,351.992,89171,0,0,0,0,65,16.7404,0.109969,0.00187054,ok,0
BBMSInter,3900,0,4.21244,0,6.57422,816.09,207999,0,0,0,0,14,3.98245,0.229865,0.000117764,ok,0
BBMSDppInstant,3900,0,5.4433,0,6.57422,3379.8,867794,0,0,0,0,23,4.35344,1.08964,0.000214589,ok,0
BBMSDppStepwise,3900,0,5.68931,0,6.57422,3249.49,834333,0,0,0,0,24,4.72835,0.960711,0.000253733,ok,0
DijkstraPrims,3900,0,0.00135623,0,6.57422,6.57422,213,0,0,0,0,0,0.001364,0,-7.773e-06,ok,0
BBMSCore,3900,0,17.1897,0,6.57422,351.984,89171,0,0,0,0,81,17.0678,0.11995,0.00191325,ok,1
BBMSInter,3900,0,4.23889,0,6.57422,816.109,207999,0,0,0,0,16,4.00833,0.230208,0.000349492,ok,1
BBMSDppInstant,3900,0,5.45399,0,6.57422,3379.68,867794,0,0,0,0,25,4.36396,1.08979,0.000238093,ok,1
BBMSDppStepwise,3900,0,5.69181,0,6.57812,3249.38,834333,0,0,0,0,26,4.74211,0.949451,0.000255613,ok,1
DijkstraPrims,3900,0,0.00137039,0,6.57812,6.57812,213,0,0,0,0,0,0.001378,0,-7.615e-06,ok,1
BBMSCore,3900,0,16.9212,0,6.57812,351.992,89171,0,0,0,0,77,16.819,0.099965,0.00223352,ok,2
BBMSInter,3900,0,4.21518,0,6.57812,816.105,207999,0,0,0,0,13,4.00501,0.210011,0.000158375,ok,2
BBMSDppInstant,3900,0,5.45326,0,6.57812,3379.8,867794,0,0,0,0,19,4.38318,1.06959,0.000484829,ok,2
BBMSDppStepwise,3900,0,5.69042,0,6.57812,3249.48,834333,0,0,0,0,29,4.77074,0.919222,0.000448551,ok,2
DijkstraPrims,3900,0,0.00136031,0,6.57812,6.57812,213,0,0,0,0,0,0.001369,0,-8.695e-06,ok,2
BBMSCore,3900,1,15.9962,0,6.58203,351.867,89171,0,0,0,0,57,15.8934,0.101127,0.00174045,ok,0
BBMSInter,3900,1,4.11171,0,6.58203,816.129,207999,0,0,0,0,14,3.83155,0.280047,0.000114815,ok,0
BBMSDppInstant,3900,1,5.45597,0,6.58203,3379.48,867761,0,0,0,0,22,4.48663,0.969047,0.000286378,ok,0
BBMSDppStepwise,3900,1,5.66797,0,6.58594,3247.62,833857,0,0,0,0,23,4.64647,1.02123,0.000271609,ok,0
DijkstraPrims,3900,1,0.00152741,0,6.58594,6.58594,213,0,0,0,0,0,0.001536,0,-8.592e-06,ok,0
BBMSCore,3900,1,16.2092,0,6.58594,351.977,89171,0,0,0,0,61,16.0887,0.120056,0.000417937,ok,1
BBMSInter,3900,1,4.11734,0,6.58594,816.129,207999,0,0,0,0,14,3.90661,0.210301,0.000434691,ok,1
BBMSDppInstant,3900,1,5.45927,0,6.58594,3379.47,867761,0,0,0,0,25,4.31931,1.13957,0.000382922,ok,1
BBMSDppStepwise,3900,1,5.63966,0,6.58594,3247.64,833857,0,0,0,0,20,4.56971,1.06971,0.000238477,ok,1
DijkstraPrims,3900,1,0.00137855,0,6.58594,6.58594,213,0,0,0,0,0,0.001386,0,-7.447e-06,ok,1
BBMSCore,3900,1,16.0076,0,6.58594,351.875,89171,0,0,0,0,60,15.9062,0.099969,0.00143044,ok,2
BBMSInter,3900,1,4.11714,0,6.58594,816.102,207999,0,0,0,0,12,3.85662,0.260379,0.000137699,ok,2
BBMSDppInstant,3900,1,5.46757,0,6.58594,3379.48,867761,0,0,0,0,28,4.41787,1.04926,0.00043834,ok,2
BBMSDppStepwise,3900,1,5.67214,0,6.58594,3247.62,833857,0,0,0,0,20,4.6118,1.06018,0.00015428,ok,2
DijkstraPrims,3900,1,0.00138312,0,6.58984,6.58984,213,0,0,0,0,0,0.001392,0,-8.885e-06,ok,2
BBMSCore,3900,2,16.6588,0,6.58984,351.965,89171,0,0,0,0,60,16.5571,0.099998,0.00177682,ok,0
BBMSInter,3900,2,4.44821,0,6.58984,816.125,207999,0,0,0,0,22,4.18794,0.260042,0.000234111,ok,0
BBMSDppInstant,3900,2,5.48658,0,6.58984,3382.66,868659,0,0,0,0,24,4.43643,1.04983,0.000319733,ok,0
BBMSDppStepwise,3900,2,5.64457,0,6.59375,3250.36,834572,0,0,0,0,25,4.70482,0.939527,0.00022443,ok,0
DijkstraPrims,3900,2,0.00135428,0,6.59375,6.59375,213,0,0,0,0,0,0.001363,0,-8.724e-06,ok,0
BBMSCore,3900,2,16.6923,0,6.59375,351.859,89171,0,0,0,0,71,16.5907,0.099959,0.00167892,ok,1
BBMSInter,3900,2,4.4419,0,6.59375,816.129,207999,0,0,0,0,16,4.23159,0.210219,9.5415e-05,ok,1
BBMSDppInstant,3900,2,5.48187,0,6.59375,3382.68,868659,0,0,0,0,20,4.45274,1.02896,0.000169183,ok,1
BBMSDppStepwise,3900,2,5.62777,0,6.59375,3250.31,834572,0,0,0,0,25,4.61734,1.01003,0.000394823,ok,1
DijkstraPrims,3900,2,0.00136101,0,6.59375,6.59375,213,0,0,0,0,0,0.00137,0,-8.987e-06,ok,1
BBMSCore,3900,2,16.6827,0,6.59375,352.012,89171,0,0,0,0,76,16.5909,0.089965,0.00182855,ok,2
BBMSInter,3900,2,4.44463,0,6.59375,816.098,207999,0,0,0,0,17,4.18465,0.259844,0.000135561,ok,2
BBMSDppInstant,3900,2,5.51905,0,6.59375,3382.69,868659,0,0,0,0,17,4.60859,0.910271,0.00018542,ok,2
BBMSDppStepwise,3900,2,5.62948,0,6.59375,3250.36,834572,0,0,0,0,30,4.71884,0.910316,0.00032855,ok,2
DijkstraPrims,3900,2,0.00136929,0,6.59375,6.59375,213,0,0,0,0,0,0.001378,0,-8.715e-06,ok,2
BBMSCore,3900,3,15.7058,0,6.59766,351.977,89171,0,0,0,0,67,15.5939,0.109933,0.00194504,ok,0
BBMSInter,3900,3,4.11099,0,6.59766,816.117,207999,0,0,0,0,16,3.84034,0.270483,0.000161173,ok,0
BBMSDppInstant,3900,3,5.38603,0,6.59766,3379.89,867835,0,0,0,0,21,4.34562,1.04024,0.000173921,ok,0
BBMSDppStepwise,3900,3,5.63831,0,6.59766,3247.97,833951,0,0,0,0,21,4.70711,0.930733,0.000460208,ok,0
DijkstraPrims,3900,3,0.00151581,0,6.59766,6.59766,213,0,0,0,0,0,0.001525,0,-9.189e-06,ok,0
BBMSCore,3900,3,15.6545,0,6.59766,351.992,89171,0,0,0,0,60,15.5531,0.099997,0.0013922,ok,1
BBMSInter,3900,3,4.09696,0,6.60156,816.117,207999,0,0,0,0,19,3.85663,0.240194,0.000141815,ok,1
BBMSDppInstant,3900,3,5.3747,0,6.60156,3379.95,867835,0,0,0,0,21,4.29431,1.0802,0.000192226,ok,1
BBMSDppStepwise,3900,3,5.63422,0,6.60156,3248,833951,0,0,0,0,24,4.70386,0.930088,0.000268377,ok,1
DijkstraPrims,3900,3,0.00136061,0,6.60156,6.60156,213,0,0,0,0,0,0.00137,0,-9.386e-06,ok,1
BBMSCore,3900,3,15.6313,0,6.60156,351.875,89171,0,0,0,0,70,15.5277,0.101669,0.00192358,ok,2
BBMSInter,3900,3,4.09939,0,6.60156,815.992,207999,0,0,0,0,15,3.84928,0.24973,0.000380594,ok,2
BBMSDppInstant,3900,3,5.3846,0,6.60156,3379.97,867835,0,0,0,0,18,4.22423,1.16022,0.000150253,ok,2
BBMSDppStepwise,3900,3,5.63798,0,6.60547,3248,833951,0,0,0,0,27,4.83837,0.799177,0.000436709,ok,2
DijkstraPrims,3900,3,0.00136591,0,6.60547,6.60547,213,0,0,0,0,0,0.001375,0,-9.086e-06,ok,2
BBMSCore,3900,4,17.2459,0,6.60938,352,89171,0,0,0,0,78,17.1348,0.110033,0.00107157,ok,0
BBMSInter,3900,4,4.31352,0,6.60938,815.992,207999,0,0,0,0,19,4.07053,0.242827,0.000168961,ok,0
BBMSDppInstant,3900,4,5.48489,0,6.60938,3379.16,867630,0,0,0,0,25,4.42364,1.06095,0.000303616,ok,0
BBMSDppStepwise,3900,4,5.66781,0,6.60938,3247.77,833917,0,0,0,0,20,4.79768,0.869646,0.000476851,ok,0
DijkstraPrims,3900,4,0.00138341,0,6.60938,6.60938,213,0,0,0,0,0,0.001393,0,-9.594e-06,ok,0
BBMSCore,3900,4,17.1749,0,6.60938,352,89171,0,0,0,0,71,17.0534,0.119955,0.00155857,ok,1
BBMSInter,3900,4,4.31497,0,6.60938,816.121,207999,0,0,0,0,23,4.03511,0.279683,0.000173288,ok,1
BBMSDppInstant,3900,4,5.48767,0,6.60938,3379.36,867630,0,0,0,0,25,4.45596,1.03148,0.000225232,ok,1
BBMSDppStepwise,3900,4,5.6666,0,6.60938,3247.83,833917,0,0,0,0,28,4.6351,1.03121,0.000292314,ok,1
DijkstraPrims,3900,4,0.00137103,0,6.60938,6.60938,213,0,0,0,0,0,0.001381,0,-9.975e-06,ok,1
BBMSCore,3900,4,17.2838,0,6.60938,351.992,89171,0,0,0,0,69,17.1821,0.100016,0.00164918,ok,2
BBMSInter,3900,4,4.30944,0,6.60938,816.117,207999,0,0,0,0,19,4.07928,0.229991,0.00016366,ok,2
BBMSDppInstant,3900,4,5.46938,0,6.61328,3379.42,867630,0,0,0,0,17,4.47933,0.989939,0.000107711,ok,2
BBMSDppStepwise,3900,4,5.68532,0,6.61328,3247.83,833917,0,0,0,0,26,4.67263,1.01228,0.000407007,ok,2
DijkstraPrims,3900,4,0.00138447,0,6.61328,6.61328,213,0,0,0,0,0,0.001394,0,-9.531e-06,ok,2
BBMSCore,6500,0,64.1035,0,6.61328,970.992,247637,0,0,0,0,277,63.8473,0.24998,0.00623642,ok,0
BBMSInter,6500,0,15.4994,0,6.61719,2260.37,577715,0,0,0,0,59,14.8385,0.66028,0.000632762,ok,0
BBMSDppInstant,6500,0,17.6782,0,6.61719,9404.18,2420377,0,0,0,0,63,14.7981,2.87922,0.000877268,ok,0
BBMSDppStepwise,6500,0,16.737,0,6.61719,9019.48,2321677,0,0,0,0,68,13.9656,2.77067,0.00072373,ok,0
DijkstraPrims,6500,0,0.00221795,0,6.61719,6.61719,336,0,0,0,0,0,0.002226,0,-8.049e-06,ok,0
BBMSCore,6500,0,64.1633,0,6.61719,970.98,247637,0,0,0,0,268,63.8669,0.289975,0.00643144,ok,1
BBMSInter,6500,0,15.4985,0,6.61719,2260.38,577715,0,0,0,0,52,14.8484,0.649833,0.000294236,ok,1
BBMSDppInstant,6500,0,17.6873,0,6.61719,9404.12,2420377,0,0,0,0,69,14.8358,2.85067,0.000742231,ok,1
BBMSDppStepwise,6500,0,16.6988,0,6.61719,9019.49,2321677,0,0,0,0,66,13.8888,2.80931,0.000696202,ok,1
DijkstraPrims,6500,0,0.00219288,0,6.61719,6.61719,336,0,0,0,0,0,0,0.002201,-8.115e-06,ok,1
BBMSCore,6500,0,64.39,0,6.61719,970.867,247637,0,0,0,0,252,64.1236,0.260005,0.00635453,ok,2
BBMSInter,6500,0,15.5272,0,6.61719,2260.37,577715,0,0,0,0,64,14.8667,0.659758,0.000764639,ok,2
BBMSDppInstant,6500,0,17.836,0,6.61719,9404.12,2420377,0,0,0,0,67,14.8445,2.99043,0.00103146,ok,2
BBMSDppStepwise,6500,0,16.7249,0,6.61719,9019.49,2321677,0,0,0,0,66,13.8638,2.86033,0.000752666,ok,2
DijkstraPrims,6500,0,0.00220401,0,6.61719,6.61719,336,0,0,0,0,0,0.002214,0,-9.995e-06,ok,2
BBMSCore,6500,1,66.1098,0,6.625,970.996,247637,0,0,0,0,243,65.826,0.279957,0.00382294,ok,0
BBMSInter,6500,1,15.0678,0,6.625,2260.37,577715,0,0,0,0,59,14.3673,0.70005,0.000482851,ok,0
BBMSDppInstant,6500,1,17.4163,0,6.62891,9396.41,2418269,0,0,0,0,68,14.5158,2.89998,0.000507376,ok,0
BBMSDppStepwise,6500,1,16.7088,0,6.62891,9022.36,2322457,0,0,0,0,78,13.9375,2.77035,0.000987538,ok,0
DijkstraPrims,6500,1,0.002234,0,6.62891,6.62891,336,0,0,0,0,0,0.002243,0,-8.998e-06,ok,0
BBMSCore,6500,1,65.9273,0,6.62891,970.867,247637,0,0,0,0,240,65.6456,0.279999,0.00169551,ok,1
BBMSInter,6500,1,15.0721,0,6.62891,2260.24,577715,0,0,0,0,58,14.4115,0.660252,0.000387667,ok,1
BBMSDppInstant,6500,1,17.489,0,6.62891,9396.37,2418269,0,0,0,0,72,14.5197,2.96873,0.000628971,ok,1
BBMSDppStepwise,6500,1,16.7594,0,6.62891,9022.45,2322457,0,0,0,0,74,14.0379,2.72038,0.00113332,ok,1
DijkstraPrims,6500,1,0.00221964,0,6.62891,6.62891,336,0,0,0,0,0,0.002229,0,-9.356e-06,ok,1
BBMSCore,6500,1,66.0367,0,6.62891,970.84,247637,0,0,0,0,244,65.7144,0.319991,0.0023648,ok,2
BBMSInter,6500,1,15.1546,0,6.62891,2260.38,577715,0,0,0,0,57,14.5443,0.609935,0.000339177,ok,2
BBMSDppInstant,6500,1,17.5653,0,6.62891,9396.41,2418269,0,0,0,0,71,14.7747,2.78975,0.000937954,ok,2
BBMSDppStepwise,6500,1,16.7647,0,6.62891,9022.3,2322457,0,0,0,0,62,13.8244,2.93969,0.000636301,ok,2
DijkstraPrims,6500,1,0.00228379,0,6.62891,6.62891,336,0,0,0,0,0,0.001146,0.001146,-8.21e-06,ok,2
BBMSCore,6500,2,63.6544,0,6.63281,970.867,247637,0,0,0,0,226,63.3723,0.280012,0.00212334,ok,0
BBMSInter,6500,2,14.7316,0,6.63281,2260.36,577715,0,0,0,0,53,14.0616,0.669618,0.00033926,ok,0
BBMSDppInstant,6500,2,17.5111,0,6.63281,9393.76,2417661,0,0,0,0,72,14.5204,2.99016,0.000608588,ok,0
BBMSDppStepwise,6500,2,16.5906,0,6.63281,9018.96,2321552,0,0,0,0,69,13.89,2.70005,0.000553062,ok,0
DijkstraPrims,6500,2,0.00222157,0,6.63281,6.63281,336,0,0,0,0,0,0.002231,0,-9.433e-06,ok,0
BBMSCore,6500,2,63.2949,0,6.63281,970.984,247637,0,0,0,0,242,62.98,0.309952,0.00498752,ok,1
BBMSInter,6500,2,14.7336,0,6.63281,2260.39,577715,0,0,0,0,61,14.033,0.700166,0.000453613,ok,1
BBMSDppInstant,6500,2,17.3829,0,6.63281,9393.78,2417661,0,0,0,0,52,14.5835,2.79882,0.000643765,ok,1
BBMSDppStepwise,6500,2,16.5369,0,6.63672,9018.84,2321552,0,0,0,0,62,13.8951,2.64102,0.000815757,ok,1
DijkstraPrims,6500,2,0.00221974,0,6.63672,6.63672,336,0,0,0,0,0,0.002229,0,-9.257e-06,ok,1
BBMSCore,6500,2,63.8842,0,6.63672,970.965,247637,0,0,0,0,246,63.5724,0.309953,0.0018076,ok,2
BBMSInter,6500,2,14.7459,0,6.63672,2260.37,577715,0,0,0,0,59,14.115,0.630232,0.000651412,ok,2
BBMSDppInstant,6500,2,17.4468,0,6.63672,9393.77,2417661,0,0,0,0,70,14.5267,2.9194,0.000695598,ok,2
BBMSDppStepwise,6500,2,16.5431,0,6.63672,9018.91,2321552,0,0,0,0,64,13.7218,2.82046,0.000865942,ok,2
DijkstraPrims,6500,2,0.00223064,0,6.63672,6.63672,336,0,0,0,0,0,0.00224,0,-9.355e-06,ok,2
BBMSCore,6500,3,70.5724,0,6.64062,970.992,247637,0,0,0,0,281,70.2744,0.289965,0.00803702,ok,0
BBMSInter,6500,3,14.8439,0,6.64062,2260.38,577715,0,0,0,0,68,14.1316,0.711039,0.00121558,ok,0
BBMSDppInstant,6500,3,17.8585,0,6.64062,9397.06,2418794,0,0,0,0,67,14.8968,2.96066,0.00106813,ok,0
BBMSDppStepwise,6500,3,16.9053,0,6.64062,9019.35,2321639,0,0,0,0,74,14.2443,2.66019,0.000843076,ok,0
DijkstraPrims,6500,3,0.00225747,0,6.64062,6.64062,336,0,0,0,0,0,0.002267,0,-9.533e-06,ok,0
BBMSCore,6500,3,70.6119,0,6.64062,970.863,247637,0,0,0,0,281,70.3238,0.279962,0.00813496,ok,1
BBMSInter,6500,3,14.8091,0,6.64062,2260.1,577715,0,0,0,0,67,14.1082,0.700245,0.000706605,ok,1
BBMSDppInstant,6500,3,17.4697,0,6.64062,9396.94,2418794,0,0,0,0,65,14.5996,2.86929,0.000776229,ok,1
BBMSDppStepwise,6500,3,16.6746,0,6.64062,9019.34,2321639,0,0,0,0,70,13.7937,2.88006,0.000807976,ok,1
DijkstraPrims,6500,3,0.00221106,0,6.64062,6.64062,336,0,0,0,0,0,0.002221,0,-9.943e-06,ok,1
BBMSCore,6500,3,67.093,0,6.64453,970.867,247637,0,0,0,0,268,66.7665,0.319968,0.0065423,ok,2
BBMSInter,6500,3,14.2962,0,6.64453,2260.37,577715,0,0,0,0,65,13.6149,0.680727,0.000547095,ok,2
BBMSDppInstant,6500,3,17.416,0,6.64453,9396.99,2418794,0,0,0,0,73,14.4047,3.01027,0.00105158,ok,2
BBMSDppStepwise,6500,3,16.6299,0,6.64453,9019.3,2321639,0,0,0,0,62,13.74,2.88929,0.000609496,ok,2
DijkstraPrims,6500,3,0.00219756,0,6.64453,6.64453,336,0,0,0,0,0,0.002206,0,-8.44e-06,ok,2
BBMSCore,6500,4,73.8957,0,6.64844,970.887,247637,0,0,0,0,245,73.6539,0.23999,0.00187018,ok,0
BBMSInter,6500,4,16.6297,0,6.65234,2260.24,577715,0,0,0,0,63,15.9591,0.670076,0.000499182,ok,0
BBMSDppInstant,6500,4,17.6208,0,6.65234,9395.32,2417910,0,0,0,0,71,14.8811,2.73895,0.000778935,ok,0
BBMSDppStepwise,6500,4,16.8684,0,6.65234,9020.52,2321959,0,0,0,0,74,14.0891,2.77844,0.000844182,ok,0
DijkstraPrims,6500,4,0.00241895,0,6.65234,6.65234,336,0,0,0,0,0,0.002429,0,-1.0047e-05,ok,0
BBMSCore,6500,4,73.7047,0,6.65234,970.852,247637,0,0,0,0,274,73.4202,0.280013,0.00452367,ok,1
BBMSInter,6500,4,16.6554,0,6.65234,2260.37,577715,0,0,0,0,69,15.9145,0.740349,0.000538878,ok,1
BBMSDppInstant,6500,4,17.644,0,6.65234,9395.33,2417910,0,0,0,0,66,14.7521,2.89114,0.000749309,ok,1
BBMSDppStepwise,6500,4,16.9593,0,6.65234,9020.47,2321959,0,0,0,0,59,14.2181,2.74021,0.000948332,ok,1
DijkstraPrims,6500,4,0.00220244,0,6.65234,6.65234,336,0,0,0,0,0,0.002211,0,-8.564e-06,ok,1
BBMSCore,6500,4,74.5662,0,6.65234,970.867,247637,0,0,0,0,308,74.3091,0.249974,0.00714811,ok,2
BBMSInter,6500,4,16.7018,0,6.65234,2260.37,577715,0,0,0,0,67,15.9916,0.709772,0.000418186,ok,2
BBMSDppInstant,6500,4,17.6788,0,6.65234,9395.32,2417910,0,0,0,0,67,14.9176,2.76011,0.00110185,ok,2
BBMSDppStepwise,6500,4,16.8601,0,6.65234,9020.51,2321959,0,0,0,0,74,14.0791,2.78044,0.000639632,ok,2
DijkstraPrims,6500,4,0.00222279,0,6.65234,6.65234,336,0,0,0,0,0,0.002232,0,-9.211e-06,ok,2
BBMSCore,11000,0,-1,-1,-1,-1,-1,-1,-1,-1,-1,-1,-1,-1,-1,timeout,0
BBMSInter,11000,0,63.4537,0,6.66016,6466.35,1654461,0,0,0,0,235,61.4914,1.95981,0.00244221,ok,0
BBMSDppInstant,11000,0,71.3328,0,6.66016,26941.8,6923923,0,0,0,0,276,63.3898,7.939,0.00398753,ok,0
BBMSDppStepwise,11000,0,53.1125,0,6.66016,25834.9,6640051,0,0,0,0,210,45.5601,7.55038,0.00205656,ok,0
DijkstraPrims,11000,0,0.00416023,0,6.66016,6.66016,674,0,0,0,0,0,0.00417,0,-9.766e-06,ok,0
BBMSInter,11000,0,62.7141,0,6.66016,6466.38,1654461,0,0,0,0,221,60.7621,1.95013,0.00191083,ok,1
BBMSDppInstant,11000,0,71.864,0,6.66406,26941.8,6923923,0,0,0,0,283,63.3511,8.50911,0.0037853,ok,1
BBMSDppStepwise,11000,0,52.9992,0,6.66406,25834.9,6640051,0,0,0,0,210,44.9974,7.99996,0.0018529,ok,1
DijkstraPrims,11000,0,0.00418102,0,6.66406,6.66406,674,0,0,0,0,1,0.004184,0,-2.978e-06,ok,1
BBMSInter,11000,0,62.5756,0,6.66406,6466.38,1654461,0,0,0,0,260,60.571,2.00009,0.00456492,ok,2
BBMSDppInstant,11000,0,71.6635,0,6.66406,26941.8,6923923,0,0,0,0,281,63.7598,7.90023,0.00346275,ok,2
BBMSDppStepwise,11000,0,53.0305,0,6.66406,25834.9,6640051,0,0,0,0,213,45.1482,7.88003,0.00222491,ok,2
DijkstraPrims,11000,0,0.00415938,0,6.66406,6.66406,674,0,0,0,0,0,0.004169,0,-9.615e-06,ok,2
BBMSInter,11000,1,66.2139,0,6.66406,6466.37,1654461,0,0,0,0,226,64.2421,1.96987,0.00193723,ok,0
BBMSDppInstant,11000,1,71.1725,0,6.66797,26923.7,6918968,0,0,0,0,285,62.8897,8.27907,0.00372798,ok,0
BBMSDppStepwise,11000,1,52.9836,0,6.66797,25828.8,6638492,0,0,0,0,216,44.9323,8.04917,0.00222445,ok,0
DijkstraPrims,11000,1,0.00413115,0,6.67188,6.67188,674,0,0,0,0,0,0.002761,0.001381,-1.0851e-05,ok,0
BBMSInter,11000,1,65.7929,0,6.67188,6466.38,1654461,0,0,0,0,243,63.8603,1.92981,0.00273465,ok,1
BBMSDppInstant,11000,1,71.1518,0,6.67188,26923.8,6918968,0,0,0,0,305,62.8676,8.27989,0.00428772,ok,1
BBMSDppStepwise,11000,1,53.0597,0,6.67188,25828.8,6638492,0,0,0,0,204,45.0591,7.99853,0.00203273,ok,1
DijkstraPrims,11000,1,0.00411247,0,6.67188,6.67188,674,0,0,0,0,0,0.004122,0,-9.535e-06,ok,1
BBMSInter,11000,1,66.2873,0,6.67188,6466.38,1654461,0,0,0,0,256,64.3349,1.94995,0.00239455,ok,2
BBMSDppInstant,11000,1,70.9836,0,6.67188,26923.8,6918968,0,0,0,0,273,62.6811,8.2992,0.00332536,ok,2
BBMSDppStepwise,11000,1,53.0645,0,6.67188,25828.8,6638492,0,0,0,0,230,45.1314,7.93076,0.00231479,ok,2
DijkstraPrims,11000,1,0.00415775,0,6.67188,6.67188,674,0,0,0,0,0,0,0.004167,-9.248e-06,ok,2
BBMSInter,11000,2,54.5528,0,6.67578,6466.37,1654461,0,0,0,0,217,52.6308,1.91982,0.00220697,ok,0
BBMSDppInstant,11000,2,69.6886,0,6.67578,26942.1,6923705,0,0,0,0,289,61.7652,7.91977,0.00359633,ok,0
BBMSDppStepwise,11000,2,52.1394,0,6.67578,25824.4,6637351,0,0,0,0,196,43.8271,8.31014,0.00213701,ok,0
DijkstraPrims,11000,2,0.00484349,0,6.67578,6.67578,674,0,0,0,0,1,0.004835,0,8.488e-06,ok,0
BBMSInter,11000,2,54.8335,0,6.67578,6466.37,1654461,0,0,0,0,209,52.892,1.93984,0.00167456,ok,1
BBMSDppInstant,11000,2,69.734,0,6.67578,26942.2,6923705,0,0,0,0,300,61.44,8.29046,0.00354916,ok,1
BBMSDppStepwise,11000,2,52.14,0,6.67578,25824.3,6637351,0,0,0,0,209,44.3668,7.77011,0.00306783,ok,1
DijkstraPrims,11000,2,0.00415484,0,6.67578,6.67578,674,0,0,0,0,0,0.004164,0,-9.162e-06,ok,1
BBMSInter,11000,2,54.7564,0,6.67578,6466.38,1654461,0,0,0,0,203,52.7541,1.99991,0.0023617,ok,2
BBMSDppInstant,11000,2,69.6851,0,6.67578,26942.2,6923705,0,0,0,0,277,61.5504,8.13099,0.00369922,ok,2
BBMSDppStepwise,11000,2,51.9859,0,6.67969,25824.2,6637351,0,0,0,0,213,44.064,7.91957,0.0023349,ok,2
DijkstraPrims,11000,2,0.00412573,0,6.67969,6.67969,674,0,0,0,0,0,0.004135,0,-9.271e-06,ok,2
BBMSInter,11000,3,54.964,0,6.67969,6466.37,1654461,0,0,0,0,220,53.0114,1.94984,0.00271038,ok,0
BBMSDppInstant,11000,3,70.9909,0,6.68359,26943.4,6924577,0,0,0,0,267,62.6982,8.28902,0.00366361,ok,0
BBMSDppStepwise,11000,3,52.4017,0,6.68359,25829.7,6638720,0,0,0,0,220,44.6185,7.78066,0.00254102,ok,0
DijkstraPrims,11000,3,0.00420835,0,6.68359,6.68359,674,0,0,0,0,1,0.004201,0,7.354e-06,ok,0
BBMSInter,11000,3,54.5974,0,6.68359,6466.35,1654461,0,0,0,0,214,52.6156,1.97998,0.00182302,ok,1
BBMSDppInstant,11000,3,70.9227,0,6.68359,26943.4,6924577,0,0,0,0,275,62.8398,8.07933,0.00355266,ok,1
BBMSDppStepwise,11000,3,52.3265,0,6.68359,25829.7,6638720,0,0,0,0,221,44.2234,8.09971,0.0034561,ok,1
DijkstraPrims,11000,3,0.00423662,0,6.68359,6.68359,674,0,0,0,0,0,0.004246,0,-9.379e-06,ok,1
BBMSInter,11000,3,54.883,0,6.68359,6466.37,1654461,0,0,0,0,224,52.9813,1.89986,0.00186427,ok,2
BBMSDppInstant,11000,3,70.7945,0,6.68359,26943.3,6924577,0,0,0,0,276,62.7519,8.03961,0.00303767,ok,2
BBMSDppStepwise,11000,3,52.2529,0,6.68359,25829.7,6638720,0,0,0,0,209,44.6416,7.60947,0.00183155,ok,2
DijkstraPrims,11000,3,0.00412001,0,6.68359,6.68359,674,0,0,0,0,0,0.004129,0,-8.991e-06,ok,2
BBMSInter,11000,4,52.0067,0,6.6875,6466.22,1654461,0,0,0,0,213,50.005,2.00002,0.0017335,ok,0
BBMSDppInstant,11000,4,68.1055,0,6.6875,26940.8,6923723,0,0,0,0,263,60.0922,8.00973,0.0036331,ok,0
BBMSDppStepwise,11000,4,51.7321,0,6.6875,25830,6638801,0,0,0,0,207,43.6604,8.06929,0.0023962,ok,0
DijkstraPrims,11000,4,0.00415178,0,6.6875,6.6875,674,0,0,0,0,0,0.004161,0,-9.216e-06,ok,0
BBMSInter,11000,4,53.0898,0,6.6875,6466.37,1654461,0,0,0,0,194,51.2584,1.8301,0.00134341,ok,1
BBMSDppInstant,11000,4,68.4402,0,6.69141,26940.9,6923723,0,0,0,0,269,59.6682,8.7691,0.00282742,ok,1
BBMSDppStepwise,11000,4,51.6969,0,6.69141,25830,6638801,0,0,0,0,200,43.8745,7.81984,0.00250645,ok,1
DijkstraPrims,11000,4,0.00410919,0,6.69141,6.69141,674,0,0,0,0,0,0.003433,0.000686,-9.806e-06,ok,1
BBMSInter,11000,4,51.7036,0,6.69141,6466.34,1654461,0,0,0,0,190,49.8891,1.81063,0.00390223,ok,2
BBMSDppInstant,11000,4,68.2559,0,6.69141,26940.8,6923723,0,0,0,0,286,60.0546,8.19867,0.00265336,ok,2
BBMSDppStepwise,11000,4,51.7203,0,6.69141,25830,6638801,0,0,0,0,201,43.7969,7.92054,0.00279182,ok,2
DijkstraPrims,11000,4,0.00418995,0,6.69141,6.69141,674,0,0,0,0,0,0,0.0042,-1.0051e-05,ok,2
BBMSDppStepwise,18000,0,157.946,0,6.69531,69159.5,17813116,0,0,0,0,633,136.858,21.0796,0.0092253,ok,0
DijkstraPrims,18000,0,0.00724814,0,6.69531,7.65234,1280,0,0,0,0,0,0.007257,0,-8.861e-06,ok,0
BBMSDppStepwise,18000,0,157.194,0,6.69531,69159.7,17813116,0,0,0,0,636,136.256,20.9293,0.00892579,ok,1
DijkstraPrims,18000,0,0.00726148,0,6.69531,7.64844,1280,0,0,0,0,0,0.007271,0,-9.523e-06,ok,1
BBMSDppStepwise,18000,0,157.315,0,6.69922,69159.6,17813116,0,0,0,0,644,136.569,20.7382,0.00825822,ok,2
DijkstraPrims,18000,0,0.0072478,0,6.69922,7.65625,1280,0,0,0,0,0,0.007257,0,-9.199e-06,ok,2
BBMSDppStepwise,18000,1,156.28,0,6.69922,69163.9,17814210,0,0,0,0,649,134.945,21.3288,0.0065643,ok,0
DijkstraPrims,18000,1,0.008036,0,6.69922,7.65625,1280,0,0,0,0,0,0.008045,0,-8.998e-06,ok,0
BBMSDppStepwise,18000,1,155.989,0,6.69922,69163.9,17814210,0,0,0,0,658,135.071,20.9097,0.00786461,ok,1
DijkstraPrims,18000,1,0.00731466,0,6.69922,7.64844,1280,0,0,0,0,1,0.007237,0,7.7658e-05,ok,1
BBMSDppStepwise,18000,1,155.973,0,6.69922,69163.8,17814210,0,0,0,0,592,134.626,21.339,0.00807977,ok,2
DijkstraPrims,18000,1,0.00734629,0,6.69922,7.65234,1280,0,0,0,0,0,0.007356,0,-9.713e-06,ok,2
BBMSDppStepwise,18000,2,157.959,0,6.70312,69166.1,17814763,0,0,0,0,683,136.362,21.5896,0.00694895,ok,0
DijkstraPrims,18000,2,0.00722529,0,6.70312,7.64062,1280,0,0,0,0,0,0,0.007234,-8.705e-06,ok,0
BBMSDppStepwise,18000,2,158.275,0,6.70312,69166.2,17814763,0,0,0,0,639,136.908,21.3588,0.00796827,ok,1
DijkstraPrims,18000,2,0.00728761,0,6.70312,7.65625,1280,0,0,0,0,0,0,0.007297,-9.391e-06,ok,1
BBMSDppStepwise,18000,2,158.021,0,6.70312,69166.2,17814763,0,0,0,0,658,137.045,20.9683,0.0079743,ok,2
DijkstraPrims,18000,2,0.0072437,0,6.70312,7.65234,1280,0,0,0,0,0,0.007254,0,-1.0297e-05,ok,2
BBMSDppStepwise,18000,3,156.196,0,6.70312,69164.5,17814367,0,0,0,0,643,134.82,21.3687,0.0073844,ok,0
DijkstraPrims,18000,3,0.0072531,0,6.70312,7.64844,1280,0,0,0,0,0,0.007263,0,-9.902e-06,ok,0
BBMSDppStepwise,18000,3,156.198,0,6.70312,69164.5,17814367,0,0,0,0,602,134.911,21.2789,0.00774786,ok,1
DijkstraPrims,18000,3,0.00738079,0,6.70703,7.65625,1280,0,0,0,0,0,0.007391,0,-1.0206e-05,ok,1
BBMSDppStepwise,18000,3,156.31,0,6.70703,69164.4,17814367,0,0,0,0,623,134.932,21.3691,0.00903941,ok,2
DijkstraPrims,18000,3,0.00725964,0,6.70703,7.65625,1280,0,0,0,0,0,0.007269,0,-9.359e-06,ok,2
BBMSDppStepwise,18000,4,154.977,0,6.70703,69163.5,17814045,0,0,0,0,649,133.41,21.5585,0.00817684,ok,0
DijkstraPrims,18000,4,0.00726263,0,6.70703,7.64844,1280,0,0,0,0,0,0.007272,0,-9.373e-06,ok,0
BBMSDppStepwise,18000,4,154.871,0,6.70703,69163.6,17814045,0,0,0,0,610,133.604,21.2588,0.00863303,ok,1
DijkstraPrims,18000,4,0.00726253,0,6.70703,7.65234,1280,0,0,0,0,0,0,0.007294,-3.1468e-05,ok,1
BBMSDppStepwise,18000,4,154.709,0,6.70703,69163.5,17814045,0,0,0,0,631,133.563,21.1387,0.00737215,ok,2
DijkstraPrims,18000,4,0.00724849,0,6.71094,7.625,1280,0,0,0,0,0,0.007259,0,-1.0512e-05,ok,2
BBMSDppStepwise,30000,0,-1,-1,-1,-1,-1,-1,-1,-1,-1,-1,-1,-1,-1,oom,0
DijkstraPrims,30000,0,0.0119033,0,6.71484,10.3984,2041,0,0,0,0,1,0.001297,0.0106,6.278e-06,ok,0
DijkstraPrims,30000,0,0.0116295,0,6.71484,10.3945,2041,0,0,0,0,0,0.011635,0,-5.47e-06,ok,1
DijkstraPrims,30000,0,0.0115843,0,6.71484,10.3984,2041,0,0,0,0,0,0.01159,0,-5.699e-06,ok,2
DijkstraPrims,30000,1,0.0117419,0,6.71484,10.3984,2041,0,0,0,0,0,0.011749,0,-7.104e-06,ok,0
DijkstraPrims,30000,1,0.0117397,0,6.71484,10.3906,2041,0,0,0,0,0,0.011745,0,-5.28e-06,ok,1
DijkstraPrims,30000,1,0.0116508,0,6.71484,10.4062,2041,0,0,0,0,0,0.011409,0.000248,-6.182e-06,ok,2
DijkstraPrims,30000,2,0.0121383,0,6.71484,10.4062,2041,0,0,0,0,0,0.012146,0,-7.708e-06,ok,0
DijkstraPrims,30000,2,0.0116455,0,6.71484,10.4023,2041,0,0,0,0,0,0.011652,0,-6.481e-06,ok,1
DijkstraPrims,30000,2,0.0121997,0,6.71484,10.1328,2041,0,0,0,0,0,0.012208,0,-8.322e-06,ok,2
DijkstraPrims,30000,3,0.0116769,0,6.71875,10.4023,2041,0,0,0,0,0,0.011684,0,-7.141e-06,ok,0
DijkstraPrims,30000,3,0.0116375,0,6.71875,10.3984,2041,0,0,0,0,0,0.001695,0.00995,-7.53e-06,ok,1
DijkstraPrims,30000,3,0.0116546,0,6.71875,10.3945,2041,0,0,0,0,0,0.011662,0,-7.375e-06,ok,2
DijkstraPrims,30000,4,0.012815,0,6.71875,10.3945,2041,0,0,0,0,0,0.012823,0,-7.966e-06,ok,0
DijkstraPrims,30000,4,0.0118721,0,6.71875,10.4023,2041,0,0,0,0,1,0.011872,0,6.1e-08,ok,1
DijkstraPrims,30000,4,0.0120033,0,6.71875,10.3984,2041,0,0,0,0,0,0.012011,0,-7.68e-06,ok,2
DijkstraPrims,50000,0,0.0191239,0,6.71875,14.168,3128,0,0,0,0,1,0.01912,0,3.858e-06,ok,0
DijkstraPrims,50000,0,0.0186818,0,6.71875,14.1602,3128,0,0,0,0,0,0.018689,0,-7.211e-06,ok,1
DijkstraPrims,50000,0,0.0187005,0,6.71875,14.1719,3128,0,0,0,0,1,0,0.018695,5.508e-06,ok,2
DijkstraPrims,50000,1,0.0187345,0,6.71875,14.2812,3128,0,0,0,0,1,0.018734,0,4.87e-07,ok,0
DijkstraPrims,50000,1,0.0187394,0,6.72266,14.1719,3128,0,0,0,0,0,0.008994,0.009751,-5.608e-06,ok,1
DijkstraPrims,50000,1,0.0187229,0,6.72266,14.168,3128,0,0,0,0,0,0.008999,0.00973,-6.065e-06,ok,2
DijkstraPrims,50000,2,0.0188146,0,6.72266,14.168,3128,0,0,0,0,0,0.018821,0,-6.445e-06,ok,0
DijkstraPrims,50000,2,0.0188935,0,6.72266,14.1719,3128,0,0,0,0,0,0.0189,0,-6.504e-06,ok,1
DijkstraPrims,50000,2,0.0188063,0,6.72266,14.1484,3128,0,0,0,0,0,0.018812,0,-5.748e-06,ok,2
DijkstraPrims,50000,3,0.0189072,0,6.72266,14.168,3128,0,0,0,0,0,0.009183,0.00973,-5.841e-06,ok,0
DijkstraPrims,50000,3,0.0187918,0,6.72266,14.168,3128,0,0,0,0,0,0.018798,0,-6.229e-06,ok,1
DijkstraPrims,50000,3,0.0189255,0,6.72266,14.1719,3128,0,0,0,0,0,0.018931,0,-5.468e-06,ok,2
DijkstraPrims,50000,4,0.0189403,0,6.72266,14.1719,3128,0,0,0,0,0,0.018947,0,-6.654e-06,ok,0
DijkstraPrims,50000,4,0.0201005,0,6.72656,14.168,3128,0,0,0,0,0,0.000588,0.019522,-9.523e-06,ok,1
DijkstraPrims,50000,4,0.0192094,0,6.72656,14.1641,3128,0,0,0,0,0,0.019217,0,-7.555e-06,ok,2
BBMSInter,18000,0,249.139,0,7.30859,17308.2,4430000,0,0,0,0,1062,243.887,5.23972,0.0128433,ok,0
BBMSDppInstant,18000,0,261.293,0,7.20703,72174.5,18586273,0,0,0,0,1100,238.7,22.579,0.0140757,ok,0
BBMSInter,18000,0,242.298,0,7.23438,17308.2,4430000,0,0,0,0,852,237.021,5.26978,0.00756139,ok,1
BBMSDppInstant,18000,0,261.094,0,7.23438,72174.6,18586273,0,0,0,0,1053,239.252,21.8292,0.01299,ok,1
BBMSInter,18000,0,241.835,0,7.23438,17308.2,4430000,0,0,0,0,835,236.778,5.04994,0.00700887,ok,2
BBMSDppInstant,18000,0,261.153,0,7.23438,72174.4,18586273,0,0,0,0,1051,238.571,22.569,0.0129945,ok,2
BBMSInter,18000,1,242.378,0,7.23438,17308.2,4430000,0,0,0,0,814,237.361,5.00972,0.00799615,ok,0
BBMSDppInstant,18000,1,263.189,0,7.23828,72218.3,18598215,0,0,0,0,1045,241.045,22.1293,0.0142572,ok,0
BBMSInter,18000,1,245.861,0,7.23828,17308.2,4430000,0,0,0,0,841,240.744,5.1098,0.00752928,ok,1
BBMSDppInstant,18000,1,262.906,0,7.23828,72218.4,18598215,0,0,0,0,1032,240.483,22.4092,0.0141706,ok,1
BBMSInter,18000,1,236.654,0,7.23828,17308.1,4430000,0,0,0,0,790,231.427,5.21986,0.00652857,ok,2
BBMSDppInstant,18000,1,263.228,0,7.23828,72218.2,18598215,0,0,0,0,1069,240.695,22.5192,0.0138191,ok,2
BBMSInter,18000,2,253.622,0,7.23828,17308.2,4430000,0,0,0,0,816,248.585,5.02987,0.00744971,ok,0
BBMSDppInstant,18000,2,264.159,0,7.23828,72189.4,18588743,0,0,0,0,1053,242.236,21.9092,0.0135862,ok,0
BBMSInter,18000,2,231.863,0,7.24219,17308.2,4430000,0,0,0,0,806,226.837,5.01983,0.00699496,ok,1
BBMSDppInstant,18000,2,264.609,0,7.24219,72189.4,18588743,0,0,0,0,1080,241.706,22.8892,0.0136918,ok,1
BBMSInter,18000,2,238.47,0,7.24219,17308.1,4430000,0,0,0,0,795,233.454,5.00978,0.00620749,ok,2
BBMSDppInstant,18000,2,265.864,0,7.24219,72189.4,18588743,0,0,0,0,1080,244.032,21.8188,0.0140564,ok,2
BBMSInter,18000,3,218.067,0,7.24219,17308.2,4430000,0,0,0,0,738,212.94,5.11985,0.00697913,ok,0
BBMSDppInstant,18000,3,261.184,0,7.24219,72192.1,18592404,0,0,0,0,1046,238.571,22.5994,0.0139613,ok,0
BBMSInter,18000,3,218.122,0,7.24219,17308.1,4430000,0,0,0,0,727,212.886,5.22973,0.00653053,ok,1
BBMSDppInstant,18000,3,265.423,0,7.24219,72191.9,18592404,0,0,0,0,1133,242.718,22.6892,0.0160411,ok,1
BBMSInter,18000,3,215.94,0,7.24609,17308.2,4430000,0,0,0,0,770,210.754,5.17965,0.00677339,ok,2
BBMSDppInstant,18000,3,261.232,0,7.24609,72192,18592404,0,0,0,0,1041,238.909,22.3093,0.012911,ok,2
BBMSInter,18000,4,234.095,0,7.24609,17308.2,4430000,0,0,0,0,785,228.838,5.24997,0.00716471,ok,0
BBMSDppInstant,18000,4,254.993,0,7.24609,72177.8,18586120,0,0,0,0,1035,232.641,22.3381,0.0135868,ok,0
BBMSInter,18000,4,232.105,0,7.24609,17308,4430000,0,0,0,0,799,227.068,5.02976,0.00694989,ok,1
BBMSDppInstant,18000,4,256.034,0,7.24609,72177.9,18586120,0,0,0,0,1025,233.931,22.0892,0.0142046,ok,1
BBMSInter,18000,4,238.219,0,7.24609,17308.2,4430000,0,0,0,0,795,233.122,5.08984,0.00704497,ok,2
BBMSDppInstant,18000,4,256.252,0,7.24609,72177.9,18586120,0,0,0,0,1047,233.22,23.019,0.0127117,ok,2
BBMSInter,30000,0,-1,-1,-1,-1,-1,-1,-1,-1,-1,-1,-1,-1,-1,timeout,0
BBMSDppInstant,30000,0,-1,-1,-1,-1,-1,-1,-1,-1,-1,-1,-1,-1,-1,oom,0
