algorithm,N,sample,frechet_dist,nca_regular_hops,nca_shortcut_hops,total_nca_steps,shortcuts_written,dead_paths_pruned,shortcuts_extended,dead_path_walk_steps,heap_pushes,heap_pops,max_heap_size,avg_heap_size,cells_processed,pct_cells_explored,status
BBMSCore,500,0,2000,125495502,0,125495502,0,0,0,0,0,0,0,-1,250000,100,ok
BBMSInter,500,0,2000,250498,62748745,62999243,499000,0,0,0,0,0,0,-1,250000,100,ok
BBMSDppInstant,500,0,2000,250498,1367009,1617507,499000,124002,247754,124002,0,0,0,-1,250000,100,ok
BBMSDppStepwise,500,0,2000,250498,1367009,1617507,499000,124002,247754,124002,0,0,0,-1,250000,100,ok
DijkstraPrims,500,0,2000,0,0,0,0,0,0,0,250000,250000,125001,62500.5,250000,100,ok
BBMSCore,500,1,2000,125495502,0,125495502,0,0,0,0,0,0,0,-1,250000,100,ok
BBMSInter,500,1,2000,250498,62748745,62999243,499000,0,0,0,0,0,0,-1,250000,100,ok
BBMSDppInstant,500,1,2000,250498,1367009,1617507,499000,124002,247754,124002,0,0,0,-1,250000,100,ok
BBMSDppStepwise,500,1,2000,250498,1367009,1617507,499000,124002,247754,124002,0,0,0,-1,250000,100,ok
DijkstraPrims,500,1,2000,0,0,0,0,0,0,0,250000,250000,125001,62500.5,250000,100,ok
BBMSCore,500,2,2000,125495502,0,125495502,0,0,0,0,0,0,0,-1,250000,100,ok
BBMSInter,500,2,2000,250498,62748745,62999243,499000,0,0,0,0,0,0,-1,250000,100,ok
BBMSDppInstant,500,2,2000,250498,1367009,1617507,499000,124002,247754,124002,0,0,0,-1,250000,100,ok
BBMSDppStepwise,500,2,2000,250498,1367009,1617507,499000,124002,247754,124002,0,0,0,-1,250000,100,ok
DijkstraPrims,500,2,2000,0,0,0,0,0,0,0,250000,250000,125001,62500.5,250000,100,ok
BBMSCore,500,3,2000,125495502,0,125495502,0,0,0,0,0,0,0,-1,250000,100,ok
BBMSInter,500,3,2000,250498,62748745,62999243,499000,0,0,0,0,0,0,-1,250000,100,ok
BBMSDppInstant,500,3,2000,250498,1367009,1617507,499000,124002,247754,124002,0,0,0,-1,250000,100,ok
BBMSDppStepwise,500,3,2000,250498,1367009,1617507,499000,124002,247754,124002,0,0,0,-1,250000,100,ok
DijkstraPrims,500,3,2000,0,0,0,0,0,0,0,250000,250000,125001,62500.5,250000,100,ok
BBMSCore,500,4,2000,125495502,0,125495502,0,0,0,0,0,0,0,-1,250000,100,ok
BBMSInter,500,4,2000,250498,62748745,62999243,499000,0,0,0,0,0,0,-1,250000,100,ok
BBMSDppInstant,500,4,2000,250498,1367009,1617507,499000,124002,247754,124002,0,0,0,-1,250000,100,ok
BBMSDppStepwise,500,4,2000,250498,1367009,1617507,499000,124002,247754,124002,0,0,0,-1,250000,100,ok
DijkstraPrims,500,4,2000,0,0,0,0,0,0,0,250000,250000,125001,62500.5,250000,100,ok
BBMSCore,830,0,2000,573157332,0,573157332,0,0,0,0,0,0,0,-1,688900,100,ok
BBMSInter,830,0,2000,689728,286580320,287270048,1376140,0,0,0,0,0,0,-1,688900,100,ok
BBMSDppInstant,830,0,2000,689728,3775679,4465407,1376140,342792,685169,342792,0,0,0,-1,688900,100,ok
BBMSDppStepwise,830,0,2000,689728,3775679,4465407,1376140,342792,685169,342792,0,0,0,-1,688900,100,ok
DijkstraPrims,830,0,2000,0,0,0,0,0,0,0,688900,688900,344451,172225,688900,100,ok
BBMSCore,830,1,2000,573157332,0,573157332,0,0,0,0,0,0,0,-1,688900,100,ok
BBMSInter,830,1,2000,689728,286580320,287270048,1376140,0,0,0,0,0,0,-1,688900,100,ok
BBMSDppInstant,830,1,2000,689728,3775679,4465407,1376140,342792,685169,342792,0,0,0,-1,688900,100,ok
BBMSDppStepwise,830,1,2000,689728,3775679,4465407,1376140,342792,685169,342792,0,0,0,-1,688900,100,ok
DijkstraPrims,830,1,2000,0,0,0,0,0,0,0,688900,688900,344451,172225,688900,100,ok
BBMSCore,830,2,2000,573157332,0,573157332,0,0,0,0,0,0,0,-1,688900,100,ok
BBMSInter,830,2,2000,689728,286580320,287270048,1376140,0,0,0,0,0,0,-1,688900,100,ok
BBMSDppInstant,830,2,2000,689728,3775679,4465407,1376140,342792,685169,342792,0,0,0,-1,688900,100,ok
BBMSDppStepwise,830,2,2000,689728,3775679,4465407,1376140,342792,685169,342792,0,0,0,-1,688900,100,ok
DijkstraPrims,830,2,2000,0,0,0,0,0,0,0,688900,688900,344451,172225,688900,100,ok
BBMSCore,830,3,2000,573157332,0,573157332,0,0,0,0,0,0,0,-1,688900,100,ok
BBMSInter,830,3,2000,689728,286580320,287270048,1376140,0,0,0,0,0,0,-1,688900,100,ok
BBMSDppInstant,830,3,2000,689728,3775679,4465407,1376140,342792,685169,342792,0,0,0,-1,688900,100,ok
BBMSDppStepwise,830,3,2000,689728,3775679,4465407,1376140,342792,685169,342792,0,0,0,-1,688900,100,ok
DijkstraPrims,830,3,2000,0,0,0,0,0,0,0,688900,688900,344451,172225,688900,100,ok
BBMSCore,830,4,2000,573157332,0,573157332,0,0,0,0,0,0,0,-1,688900,100,ok
BBMSInter,830,4,2000,689728,286580320,287270048,1376140,0,0,0,0,0,0,-1,688900,100,ok
BBMSDppInstant,830,4,2000,689728,3775679,4465407,1376140,342792,685169,342792,0,0,0,-1,688900,100,ok
BBMSDppStepwise,830,4,2000,689728,3775679,4465407,1376140,342792,685169,342792,0,0,0,-1,688900,100,ok
DijkstraPrims,830,4,2000,0,0,0,0,0,0,0,688900,688900,344451,172225,688900,100,ok
BBMSCore,1400,0,2000,2747907402,0,2747907402,0,0,0,0,0,0,0,-1,1960000,100,ok
BBMSInter,1400,0,2000,1961398,1373956495,1375917893,3917200,0,0,0,0,0,0,-1,1960000,100,ok
BBMSDppInstant,1400,0,2000,1961398,10757609,12719007,3917200,977202,1953704,977202,0,0,0,-1,1960000,100,ok
BBMSDppStepwise,1400,0,2000,1961398,10757609,12719007,3917200,977202,1953704,977202,0,0,0,-1,1960000,100,ok
DijkstraPrims,1400,0,2000,0,0,0,0,0,0,0,1960000,1960000,980001,490000,1960000,100,ok
BBMSCore,1400,1,2000,2747907402,0,2747907402,0,0,0,0,0,0,0,-1,1960000,100,ok
BBMSInter,1400,1,2000,1961398,1373956495,1375917893,3917200,0,0,0,0,0,0,-1,1960000,100,ok
BBMSDppInstant,1400,1,2000,1961398,10757609,12719007,3917200,977202,1953704,977202,0,0,0,-1,1960000,100,ok
BBMSDppStepwise,1400,1,2000,1961398,10757609,12719007,3917200,977202,1953704,977202,0,0,0,-1,1960000,100,ok
DijkstraPrims,1400,1,2000,0,0,0,0,0,0,0,1960000,1960000,980001,490000,1960000,100,ok
BBMSCore,1400,2,2000,2747907402,0,2747907402,0,0,0,0,0,0,0,-1,1960000,100,ok
BBMSInter,1400,2,2000,1961398,1373956495,1375917893,3917200,0,0,0,0,0,0,-1,1960000,100,ok
BBMSDppInstant,1400,2,2000,1961398,10757609,12719007,3917200,977202,1953704,977202,0,0,0,-1,1960000,100,ok
BBMSDppStepwise,1400,2,2000,1961398,10757609,12719007,3917200,977202,1953704,977202,0,0,0,-1,1960000,100,ok
DijkstraPrims,1400,2,2000,0,0,0,0,0,0,0,1960000,1960000,980001,490000,1960000,100,ok
BBMSCore,1400,3,2000,2747907402,0,2747907402,0,0,0,0,0,0,0,-1,1960000,100,ok
BBMSInter,1400,3,2000,1961398,1373956495,1375917893,3917200,0,0,0,0,0,0,-1,1960000,100,ok
BBMSDppInstant,1400,3,2000,1961398,10757609,12719007,3917200,977202,1953704,977202,0,0,0,-1,1960000,100,ok
BBMSDppStepwise,1400,3,2000,1961398,10757609,12719007,3917200,977202,1953704,977202,0,0,0,-1,1960000,100,ok
DijkstraPrims,1400,3,2000,0,0,0,0,0,0,0,1960000,1960000,980001,490000,1960000,100,ok
BBMSCore,1400,4,2000,2747907402,0,2747907402,0,0,0,0,0,0,0,-1,1960000,100,ok
BBMSInter,1400,4,2000,1961398,1373956495,1375917893,3917200,0,0,0,0,0,0,-1,1960000,100,ok
BBMSDppInstant,1400,4,2000,1961398,10757609,12719007,3917200,977202,1953704,977202,0,0,0,-1,1960000,100,ok
BBMSDppStepwise,1400,4,2000,1961398,10757609,12719007,3917200,977202,1953704,977202,0,0,0,-1,1960000,100,ok
DijkstraPrims,1400,4,2000,0,0,0,0,0,0,0,1960000,1960000,980001,490000,1960000,100,ok
BBMSCore,2300,0,2000,12177559302,0,12177559302,0,0,0,0,0,0,0,-1,5290000,100,ok
BBMSDppInstant,2300,0,2000,5292298,29058209,34350507,10575400,2640402,5279654,2640402,0,0,0,-1,5290000,100,ok
BBMSDppStepwise,2300,0,2000,5292298,29058209,34350507,10575400,2640402,5279654,2640402,0,0,0,-1,5290000,100,ok
DijkstraPrims,2300,0,2000,0,0,0,0,0,0,0,5290000,5290000,2645001,1.3225e+06,5290000,100,ok
BBMSCore,2300,1,2000,12177559302,0,12177559302,0,0,0,0,0,0,0,-1,5290000,100,ok
BBMSDppInstant,2300,1,2000,5292298,29058209,34350507,10575400,2640402,5279654,2640402,0,0,0,-1,5290000,100,ok
BBMSDppStepwise,2300,1,2000,5292298,29058209,34350507,10575400,2640402,5279654,2640402,0,0,0,-1,5290000,100,ok
DijkstraPrims,2300,1,2000,0,0,0,0,0,0,0,5290000,5290000,2645001,1.3225e+06,5290000,100,ok
BBMSCore,2300,2,2000,12177559302,0,12177559302,0,0,0,0,0,0,0,-1,5290000,100,ok
BBMSDppInstant,2300,2,2000,5292298,29058209,34350507,10575400,2640402,5279654,2640402,0,0,0,-1,5290000,100,ok
BBMSDppStepwise,2300,2,2000,5292298,29058209,34350507,10575400,2640402,5279654,2640402,0,0,0,-1,5290000,100,ok
DijkstraPrims,2300,2,2000,0,0,0,0,0,0,0,5290000,5290000,2645001,1.3225e+06,5290000,100,ok
BBMSCore,2300,3,2000,12177559302,0,12177559302,0,0,0,0,0,0,0,-1,5290000,100,ok
BBMSDppInstant,2300,3,2000,5292298,29058209,34350507,10575400,2640402,5279654,2640402,0,0,0,-1,5290000,100,ok
BBMSDppStepwise,2300,3,2000,5292298,29058209,34350507,10575400,2640402,5279654,2640402,0,0,0,-1,5290000,100,ok
DijkstraPrims,2300,3,2000,0,0,0,0,0,0,0,5290000,5290000,2645001,1.3225e+06,5290000,100,ok
BBMSCore,2300,4,2000,12177559302,0,12177559302,0,0,0,0,0,0,0,-1,5290000,100,ok
BBMSDppInstant,2300,4,2000,5292298,29058209,34350507,10575400,2640402,5279654,2640402,0,0,0,-1,5290000,100,ok
BBMSDppStepwise,2300,4,2000,5292298,29058209,34350507,10575400,2640402,5279654,2640402,0,0,0,-1,5290000,100,ok
DijkstraPrims,2300,4,2000,0,0,0,0,0,0,0,5290000,5290000,2645001,1.3225e+06,5290000,100,ok
BBMSDppInstant,3900,0,2000,15213898,83592609,98806507,30412200,7597202,15192454,7597202,0,0,0,-1,15210000,100,ok
BBMSDppStepwise,3900,0,2000,15213898,83592609,98806507,30412200,7597202,15192454,7597202,0,0,0,-1,15210000,100,ok
DijkstraPrims,3900,0,2000,0,0,0,0,0,0,0,15210000,15210000,7605001,3.8025e+06,15210000,100,ok
BBMSDppInstant,3900,1,2000,15213898,83592609,98806507,30412200,7597202,15192454,7597202,0,0,0,-1,15210000,100,ok
BBMSDppStepwise,3900,1,2000,15213898,83592609,98806507,30412200,7597202,15192454,7597202,0,0,0,-1,15210000,100,ok
DijkstraPrims,3900,1,2000,0,0,0,0,0,0,0,15210000,15210000,7605001,3.8025e+06,15210000,100,ok
BBMSDppInstant,3900,2,2000,15213898,83592609,98806507,30412200,7597202,15192454,7597202,0,0,0,-1,15210000,100,ok
BBMSDppStepwise,3900,2,2000,15213898,83592609,98806507,30412200,7597202,15192454,7597202,0,0,0,-1,15210000,100,ok
DijkstraPrims,3900,2,2000,0,0,0,0,0,0,0,15210000,15210000,7605001,3.8025e+06,15210000,100,ok
BBMSDppInstant,3900,3,2000,15213898,83592609,98806507,30412200,7597202,15192454,7597202,0,0,0,-1,15210000,100,ok
BBMSDppStepwise,3900,3,2000,15213898,83592609,98806507,30412200,7597202,15192454,7597202,0,0,0,-1,15210000,100,ok
DijkstraPrims,3900,3,2000,0,0,0,0,0,0,0,15210000,15210000,7605001,3.8025e+06,15210000,100,ok
BBMSDppInstant,3900,4,2000,15213898,83592609,98806507,30412200,7597202,15192454,7597202,0,0,0,-1,15210000,100,ok
BBMSDppStepwise,3900,4,2000,15213898,83592609,98806507,30412200,7597202,15192454,7597202,0,0,0,-1,15210000,100,ok
DijkstraPrims,3900,4,2000,0,0,0,0,0,0,0,15210000,15210000,7605001,3.8025e+06,15210000,100,ok
BBMSDppInstant,6500,0,2000,42256498,232271009,274527507,84487000,21112002,42220754,21112002,0,0,0,-1,42250000,100,ok
BBMSDppStepwise,6500,0,2000,42256498,232271009,274527507,84487000,21112002,42220754,21112002,0,0,0,-1,42250000,100,ok
DijkstraPrims,6500,0,2000,0,0,0,0,0,0,0,42250000,42250000,21125001,1.05625e+07,42250000,100,ok
BBMSDppInstant,6500,1,2000,42256498,232271009,274527507,84487000,21112002,42220754,21112002,0,0,0,-1,42250000,100,ok
BBMSDppStepwise,6500,1,2000,42256498,232271009,274527507,84487000,21112002,42220754,21112002,0,0,0,-1,42250000,100,ok
DijkstraPrims,6500,1,2000,0,0,0,0,0,0,0,42250000,42250000,21125001,1.05625e+07,42250000,100,ok
BBMSDppInstant,6500,2,2000,42256498,232271009,274527507,84487000,21112002,42220754,21112002,0,0,0,-1,42250000,100,ok
BBMSDppStepwise,6500,2,2000,42256498,232271009,274527507,84487000,21112002,42220754,21112002,0,0,0,-1,42250000,100,ok
DijkstraPrims,6500,2,2000,0,0,0,0,0,0,0,42250000,42250000,21125001,1.05625e+07,42250000,100,ok
BBMSDppInstant,6500,3,2000,42256498,232271009,274527507,84487000,21112002,42220754,21112002,0,0,0,-1,42250000,100,ok
BBMSDppStepwise,6500,3,2000,42256498,232271009,274527507,84487000,21112002,42220754,21112002,0,0,0,-1,42250000,100,ok
DijkstraPrims,6500,3,2000,0,0,0,0,0,0,0,42250000,42250000,21125001,1.05625e+07,42250000,100,ok
BBMSDppInstant,6500,4,2000,42256498,232271009,274527507,84487000,21112002,42220754,21112002,0,0,0,-1,42250000,100,ok
BBMSDppStepwise,6500,4,2000,42256498,232271009,274527507,84487000,21112002,42220754,21112002,0,0,0,-1,42250000,100,ok
DijkstraPrims,6500,4,2000,0,0,0,0,0,0,0,42250000,42250000,21125001,1.05625e+07,42250000,100,ok
BBMSDppInstant,11000,0,2000,121010998,665324009,786335007,241978000,60478002,120950504,60478002,0,0,0,-1,121000000,100,ok
BBMSDppStepwise,11000,0,2000,121010998,665324009,786335007,241978000,60478002,120950504,60478002,0,0,0,-1,121000000,100,ok
DijkstraPrims,11000,0,2000,0,0,0,0,0,0,0,121000000,121000000,60500001,3.025e+07,121000000,100,ok
BBMSDppInstant,11000,1,2000,121010998,665324009,786335007,241978000,60478002,120950504,60478002,0,0,0,-1,121000000,100,ok
BBMSDppStepwise,11000,1,2000,121010998,665324009,786335007,241978000,60478002,120950504,60478002,0,0,0,-1,121000000,100,ok
DijkstraPrims,11000,1,2000,0,0,0,0,0,0,0,121000000,121000000,60500001,3.025e+07,121000000,100,ok
BBMSDppInstant,11000,2,2000,121010998,665324009,786335007,241978000,60478002,120950504,60478002,0,0,0,-1,121000000,100,ok
BBMSDppStepwise,11000,2,2000,121010998,665324009,786335007,241978000,60478002,120950504,60478002,0,0,0,-1,121000000,100,ok
DijkstraPrims,11000,2,2000,0,0,0,0,0,0,0,121000000,121000000,60500001,3.025e+07,121000000,100,ok
BBMSDppInstant,11000,3,2000,121010998,665324009,786335007,241978000,60478002,120950504,60478002,0,0,0,-1,121000000,100,ok
BBMSDppStepwise,11000,3,2000,121010998,665324009,786335007,241978000,60478002,120950504,60478002,0,0,0,-1,121000000,100,ok
DijkstraPrims,11000,3,2000,0,0,0,0,0,0,0,121000000,121000000,60500001,3.025e+07,121000000,100,ok
BBMSDppInstant,11000,4,2000,121010998,665324009,786335007,241978000,60478002,120950504,60478002,0,0,0,-1,121000000,100,ok
BBMSDppStepwise,11000,4,2000,121010998,665324009,786335007,241978000,60478002,120950504,60478002,0,0,0,-1,121000000,100,ok
DijkstraPrims,11000,4,2000,0,0,0,0,0,0,0,121000000,121000000,60500001,3.025e+07,121000000,100,ok
DijkstraPrims,18000,0,2000,0,0,0,0,0,0,0,324000000,324000000,162000001,8.1e+07,324000000,100,ok
